41510
0
3
4
150
152
1813
1
3
5
362
364
1815
2
4
5
367
368
1859
0
1
3
4
5
150
152
362
364
1813
1815
1859
0
2
3
4
5
150
152
367
368
1813
1815
1859
1
2
3
4
5
362
364
367
368
1813
1815
1859
6
9
10
180
182
1804
7
9
10
11
184
185
187
1804
1861
8
10
11
379
381
1861
6
7
9
10
180
182
184
185
1804
6
7
8
9
10
11
180
182
184
185
187
379
381
1804
1861
7
8
10
11
185
187
379
381
1861
12
15
16
253
255
1816
13
15
17
258
260
1818
14
16
17
392
394
1929
12
13
15
16
17
253
255
258
260
1816
1818
1929
12
14
15
16
17
253
255
392
394
1816
1818
1929
13
14
15
16
17
258
260
392
394
1816
1818
1929
18
21
22
290
292
1808
19
21
22
23
294
295
296
1808
1960
20
22
23
405
407
1960
18
19
21
22
290
292
294
295
1808
18
19
20
21
22
23
290
292
294
295
296
405
407
1808
1960
19
20
22
23
295
296
405
407
1960
24
28
29
33
61
62
64
783
1028
25
30
31
375
376
1856
26
28
30
32
417
419
421
781
1857
27
29
31
32
33
775
776
777
778
1028
2002
2181
24
26
28
32
33
61
64
417
421
781
783
2181
24
27
29
33
62
64
775
778
1028
25
26
30
31
32
375
376
419
421
1856
1857
2002
25
27
30
31
32
375
376
776
777
1856
1857
2002
26
27
28
30
31
32
33
417
419
421
776
777
778
781
783
1856
1857
2002
2181
24
27
28
29
32
33
61
62
64
775
777
778
781
783
1028
2181
34
37
38
41
67
68
71
477
821
35
39
40
387
389
1862
36
38
39
41
466
468
470
821
1863
34
37
39
40
41
67
71
474
476
477
1862
1863
34
36
38
41
68
71
466
470
821
35
36
37
39
40
41
387
389
468
470
474
476
477
1862
1863
35
37
39
40
387
389
474
476
1862
34
36
37
38
39
41
67
68
71
466
468
470
474
477
821
1863
42
46
47
51
75
76
78
905
910
43
48
49
401
402
1925
44
46
48
50
591
593
594
904
1927
45
47
49
50
51
596
598
600
602
910
1962
2183
42
44
46
50
51
75
78
591
594
904
905
2183
42
45
47
51
76
78
596
602
910
43
44
48
49
50
401
402
593
594
1925
1927
1962
43
45
48
49
50
401
402
598
600
1925
1927
1962
44
45
46
48
49
50
51
591
593
594
598
600
602
904
905
1925
1927
1962
2183
42
45
46
47
50
51
75
76
78
596
600
602
904
905
910
2183
52
55
56
60
81
82
85
660
947
53
57
58
413
415
1963
54
56
57
59
649
651
653
945
1964
52
55
57
58
59
60
81
85
656
658
659
660
1963
1964
2179
52
54
56
59
60
82
85
649
653
945
947
2179
53
54
55
57
58
59
413
415
651
653
656
658
659
1963
1964
53
55
57
58
413
415
656
658
1963
54
55
56
57
59
60
649
651
653
656
659
660
945
947
1964
2179
52
55
56
59
60
81
82
85
659
660
945
947
2179
24
28
33
61
64
65
783
785
2445
24
29
33
62
64
66
1028
1030
2448
63
65
66
1033
1035
2482
24
28
29
33
61
62
64
65
66
783
785
1028
1030
2445
2448
2482
61
63
64
65
66
783
785
1033
1035
2445
2448
2482
62
63
64
65
66
1028
1030
1033
1035
2445
2448
2482
34
37
41
67
69
71
72
472
477
478
827
2177
34
38
41
68
71
72
73
821
823
825
2177
2436
67
69
72
74
472
478
827
829
2439
70
73
74
1042
1044
2477
34
37
38
41
67
68
71
72
477
478
821
823
2177
67
68
69
71
72
73
74
472
477
478
821
823
825
827
829
2177
2436
2439
2477
68
70
72
73
74
823
825
1042
1044
2436
2439
2477
69
70
72
73
74
827
829
1042
1044
2436
2439
2477
42
46
51
75
78
79
905
907
2451
42
47
51
76
78
80
910
912
2453
77
79
80
1051
1053
2523
42
46
47
51
75
76
78
79
80
905
907
910
912
2451
2453
2523
75
77
78
79
80
905
907
1051
1053
2451
2453
2523
76
77
78
79
80
910
912
1051
1053
2451
2453
2523
52
55
60
81
83
85
655
660
951
52
56
60
82
85
86
947
949
2441
81
83
85
87
655
660
951
953
2443
84
86
87
1060
1062
2552
52
55
56
60
81
82
83
85
86
87
655
660
947
949
951
953
2441
2443
2552
82
84
85
86
87
947
949
1060
1062
2441
2443
2552
83
84
85
86
87
951
953
1060
1062
2441
2443
2552
88
92
93
1037
1039
2484
89
92
94
95
1069
1071
1073
2485
2905
90
93
94
96
1374
1376
1378
2592
2907
91
95
96
1381
1383
2947
88
89
92
93
94
1037
1039
1069
1071
2484
2485
2592
88
90
92
93
94
1037
1039
1374
1376
2484
2485
2592
89
90
92
93
94
95
96
1069
1071
1073
1374
1376
1378
2484
2485
2592
2905
2907
2947
89
91
94
95
96
1071
1073
1381
1383
2905
2907
2947
90
91
94
95
96
1376
1378
1381
1383
2905
2907
2947
97
101
102
1046
1048
2479
98
101
103
104
1115
1117
1119
2480
2897
99
102
103
105
1122
1124
1126
2526
2899
100
104
105
1390
1392
2942
97
98
101
102
103
1046
1048
1115
1117
2479
2480
2526
97
99
101
102
103
1046
1048
1122
1124
2479
2480
2526
98
99
101
102
103
104
105
1115
1117
1119
1122
1124
1126
2479
2480
2526
2897
2899
2942
98
100
103
104
105
1117
1119
1390
1392
2897
2899
2942
99
100
103
104
105
1124
1126
1390
1392
2897
2899
2942
106
110
111
1055
1057
2524
107
110
112
113
1218
1220
1222
2525
2909
108
111
112
114
1225
1227
1229
2550
2910
109
113
114
1399
1401
2986
106
107
110
111
112
1055
1057
1218
1220
2524
2525
2550
106
108
110
111
112
1055
1057
1225
1227
2524
2525
2550
107
108
110
111
112
113
114
1218
1220
1222
1225
1227
1229
2524
2525
2550
2909
2910
2986
107
109
112
113
114
1220
1222
1399
1401
2909
2910
2986
108
109
112
113
114
1227
1229
1399
1401
2909
2910
2986
115
119
120
1064
1066
2553
116
119
121
122
1271
1273
1275
2554
2901
117
120
121
123
1278
1280
1282
2593
2903
118
122
123
1408
1410
3013
115
116
119
120
121
1064
1066
1271
1273
2553
2554
2593
115
117
119
120
121
1064
1066
1278
1280
2553
2554
2593
116
117
119
120
121
122
123
1271
1273
1275
1278
1280
1282
2553
2554
2593
2901
2903
3013
116
118
121
122
123
1273
1275
1408
1410
2901
2903
3013
117
118
121
122
123
1280
1282
1408
1410
2901
2903
3013
124
127
128
1385
1387
2949
125
127
129
1417
1419
2950
126
128
129
1632
1633
3049
124
125
127
128
129
1385
1387
1417
1419
2949
2950
3049
124
126
127
128
129
1385
1387
1632
1633
2949
2950
3049
125
126
127
128
129
1417
1419
1632
1633
2949
2950
3049
130
133
134
1394
1396
2944
131
133
135
1448
1450
2945
132
134
135
1453
1454
2989
130
131
133
134
135
1394
1396
1448
1450
2944
2945
2989
130
132
133
134
135
1394
1396
1453
1454
2944
2945
2989
131
132
133
134
135
1448
1450
1453
1454
2944
2945
2989
136
139
140
1403
1405
2987
137
139
141
1523
1524
2988
138
140
141
1527
1529
3011
136
137
139
140
141
1403
1405
1523
1524
2987
2988
3011
136
138
139
140
141
1403
1405
1527
1529
2987
2988
3011
137
138
139
140
141
1523
1524
1527
1529
2987
2988
3011
142
145
146
1412
1414
3014
143
145
147
1558
1560
3015
144
146
147
1563
1564
3050
142
143
145
146
147
1412
1414
1558
1560
3014
3015
3050
142
144
145
146
147
1412
1414
1563
1564
3014
3015
3050
143
144
145
146
147
1558
1560
1563
1564
3014
3015
3050
148
149
151
154
155
1685
148
149
150
151
154
155
1684
1685
1812
0
3
4
149
150
151
152
1684
1685
1812
1813
1822
148
149
150
151
152
154
155
1684
1685
1812
1813
1822
0
3
4
150
151
152
1812
1813
1822
153
154
155
157
158
1685
148
149
151
153
154
155
157
158
1685
148
149
151
153
154
155
157
158
1685
156
157
158
161
162
1685
153
154
155
156
157
158
161
162
1685
153
154
155
156
157
158
161
162
1685
159
160
163
165
167
1670
159
160
161
163
165
167
1666
1670
1686
156
157
158
160
161
162
163
1666
1670
1685
1686
1821
156
157
158
161
162
163
1685
1686
1821
159
160
161
162
163
165
167
1666
1670
1685
1686
1821
164
165
166
169
171
1669
159
160
163
164
165
166
167
169
171
1669
1670
1832
164
165
166
167
169
171
1669
1670
1832
159
160
163
165
166
167
1669
1670
1832
168
170
171
173
174
1675
164
165
166
169
170
171
1665
1669
1675
168
169
170
171
173
174
1665
1669
1675
164
165
166
168
169
170
171
173
174
1665
1669
1675
172
173
175
177
178
1676
168
170
171
172
173
174
175
177
178
1675
1676
1831
168
170
171
173
174
175
1675
1676
1831
172
173
174
175
177
178
1675
1676
1831
176
177
178
179
181
1676
172
173
175
176
177
178
179
181
1676
172
173
175
176
177
178
179
181
1676
176
177
178
179
180
181
1674
1676
1803
6
9
10
179
180
181
182
1674
1676
1803
1804
1851
176
177
178
179
180
181
182
1674
1676
1803
1804
1851
6
9
10
180
181
182
1803
1804
1851
183
184
186
190
191
1805
7
9
10
183
184
185
186
187
190
191
1804
1805
1806
1861
1901
7
9
10
11
184
185
187
1804
1806
1861
183
184
186
187
190
191
1805
1806
1901
7
10
11
184
185
186
187
1804
1805
1806
1861
1901
188
189
191
194
197
1788
188
189
190
191
194
197
1782
1788
1805
183
184
186
189
190
191
1782
1788
1805
183
184
186
188
189
190
191
194
197
1782
1788
1805
192
193
195
199
200
1726
192
193
194
195
199
200
1725
1726
1786
188
189
191
193
194
195
196
197
1725
1726
1786
1787
1788
1868
1872
192
193
194
195
196
199
200
1725
1726
1786
1787
1868
194
195
196
197
1786
1787
1788
1868
1872
188
189
191
194
196
197
1787
1788
1872
198
199
200
203
205
1726
192
193
195
198
199
200
203
205
1726
192
193
195
198
199
200
203
205
1726
201
202
204
207
208
1637
201
202
203
204
205
207
208
1635
1637
1638
1726
1864
198
199
200
202
203
205
1635
1638
1726
201
202
204
205
207
208
1637
1638
1864
198
199
200
202
203
204
205
1635
1637
1638
1726
1864
206
207
208
210
211
1637
201
202
204
206
207
208
210
211
1637
201
202
204
206
207
208
210
211
1637
209
210
211
213
215
1637
206
207
208
209
210
211
213
215
1637
206
207
208
209
210
211
213
215
1637
212
214
216
218
219
1653
209
210
211
213
214
215
216
1634
1637
1639
1653
1865
212
213
214
216
218
219
1634
1639
1653
209
210
211
213
215
216
1637
1639
1865
212
213
214
215
216
218
219
1634
1637
1639
1653
1865
217
218
219
221
222
1653
212
214
216
217
218
219
221
222
1653
212
214
216
217
218
219
221
222
1653
220
221
223
225
228
1654
217
218
219
220
221
222
223
225
228
1653
1654
1878
217
218
219
221
222
223
1653
1654
1878
220
221
222
223
225
228
1653
1654
1878
224
226
227
230
231
1710
220
221
223
225
226
228
1650
1654
1712
224
225
226
227
228
230
231
1650
1654
1710
1712
1895
224
226
227
228
230
231
1710
1712
1895
220
221
223
225
226
227
228
1650
1654
1710
1712
1895
229
230
231
233
234
1710
224
226
227
229
230
231
233
234
1710
224
226
227
229
230
231
233
234
1710
232
233
234
236
238
1710
229
230
231
232
233
234
236
238
1710
229
230
231
232
233
234
236
238
1710
235
237
239
241
242
1736
232
233
234
236
237
238
239
1708
1710
1711
1736
1894
235
236
237
239
241
242
1708
1711
1736
232
233
234
236
238
239
1710
1711
1894
235
236
237
238
239
241
242
1708
1710
1711
1736
1894
240
241
242
244
247
1736
235
237
239
240
241
242
244
247
1736
235
237
239
240
241
242
244
247
1736
243
245
248
250
251
1774
240
241
242
244
245
246
247
1733
1735
1736
1773
1887
243
244
245
246
248
250
251
1733
1735
1773
1774
1888
244
245
246
247
248
1733
1735
1736
1773
1774
1887
1888
240
241
242
244
246
247
1735
1736
1887
243
245
246
248
250
251
1773
1774
1888
249
250
251
252
254
1774
243
245
248
249
250
251
252
254
1774
243
245
248
249
250
251
252
254
1774
249
250
251
252
253
254
255
1772
1774
1775
1816
1904
12
15
16
252
253
255
1772
1775
1816
249
250
251
252
254
255
1774
1775
1904
12
15
16
252
253
254
255
1772
1774
1775
1816
1904
256
257
259
263
264
1776
256
257
258
259
263
264
1772
1776
1817
13
15
17
257
258
259
260
1772
1776
1817
1818
1954
256
257
258
259
260
263
264
1772
1776
1817
1818
1954
13
15
17
258
259
260
1817
1818
1954
261
262
264
267
270
1697
261
262
263
264
267
270
1692
1697
1776
256
257
259
262
263
264
1692
1697
1776
256
257
259
261
262
263
264
267
270
1692
1697
1776
265
266
268
272
273
1663
265
266
267
268
272
273
1660
1663
1695
261
262
264
266
267
268
269
270
1660
1663
1695
1696
1697
1931
1942
265
266
267
268
269
272
273
1660
1663
1695
1696
1931
267
268
269
270
1695
1696
1697
1931
1942
261
262
264
267
269
270
1696
1697
1942
271
272
273
275
276
1663
265
266
268
271
272
273
275
276
1663
265
266
268
271
272
273
275
276
1663
274
275
276
278
280
1663
271
272
273
274
275
276
278
280
1663
271
272
273
274
275
276
278
280
1663
277
279
281
283
285
1681
274
275
276
278
279
280
1659
1663
1679
277
278
279
280
281
283
285
1659
1663
1679
1681
1932
274
275
276
278
279
280
281
1659
1663
1679
1681
1932
277
279
280
281
283
285
1679
1681
1932
282
283
284
287
288
1680
277
279
281
282
283
284
285
287
288
1680
1681
1955
282
283
284
285
287
288
1680
1681
1955
277
279
281
283
284
285
1680
1681
1955
286
287
288
289
291
1680
282
283
284
286
287
288
289
291
1680
282
283
284
286
287
288
289
291
1680
286
287
288
289
290
291
1678
1680
1807
18
21
22
289
290
291
292
1678
1680
1807
1808
1956
286
287
288
289
290
291
292
1678
1680
1807
1808
1956
18
21
22
290
291
292
1807
1808
1956
293
294
296
299
302
1811
19
21
22
293
294
295
296
299
302
1808
1811
1960
19
21
22
23
294
295
296
1808
1811
1960
19
22
23
293
294
295
296
299
302
1808
1811
1960
297
298
301
305
306
1799
297
298
299
301
305
306
1793
1799
1810
293
294
296
298
299
300
301
302
1793
1799
1809
1810
1811
1997
1998
299
300
301
302
1809
1810
1811
1997
1998
297
298
299
300
301
305
306
1793
1799
1809
1810
1997
293
294
296
299
300
302
1809
1811
1998
303
304
306
308
310
1758
303
304
305
306
308
310
1756
1758
1799
297
298
301
304
305
306
1756
1758
1799
297
298
301
303
304
305
306
308
310
1756
1758
1799
307
308
309
313
314
1757
303
304
306
307
308
309
310
313
314
1757
1758
1966
307
308
309
310
313
314
1757
1758
1966
303
304
306
308
309
310
1757
1758
1966
311
312
314
316
317
1646
311
312
313
314
316
317
1645
1646
1757
307
308
309
312
313
314
1645
1646
1757
307
308
309
311
312
313
314
316
317
1645
1646
1757
315
316
317
319
320
1646
311
312
314
315
316
317
319
320
1646
311
312
314
315
316
317
319
320
1646
318
319
321
323
325
1647
315
316
317
318
319
320
321
323
325
1646
1647
1965
315
316
317
319
320
321
1646
1647
1965
318
319
320
321
323
325
1646
1647
1965
322
324
325
328
329
1746
318
319
321
323
324
325
1644
1647
1746
322
323
324
325
328
329
1644
1647
1746
318
319
321
322
323
324
325
328
329
1644
1647
1746
326
327
331
333
334
1705
326
327
328
331
333
334
1702
1705
1748
322
324
325
327
328
329
330
331
1702
1705
1746
1747
1748
1968
1976
322
324
325
328
329
330
1746
1747
1968
328
329
330
331
1746
1747
1748
1968
1976
326
327
328
330
331
333
334
1702
1705
1747
1748
1976
332
333
334
336
338
1705
326
327
331
332
333
334
336
338
1705
326
327
331
332
333
334
336
338
1705
335
336
337
340
342
1704
332
333
334
335
336
337
338
340
342
1704
1705
1988
335
336
337
338
340
342
1704
1705
1988
332
333
334
336
337
338
1704
1705
1988
339
341
342
344
345
1719
335
336
337
340
341
342
1701
1704
1719
339
340
341
342
344
345
1701
1704
1719
335
336
337
339
340
341
342
344
345
1701
1704
1719
343
344
345
347
348
1719
339
341
342
343
344
345
347
348
1719
339
341
342
343
344
345
347
348
1719
346
347
349
351
354
1720
343
344
345
346
347
348
349
351
354
1719
1720
1989
343
344
345
347
348
349
1719
1720
1989
346
347
348
349
351
354
1719
1720
1989
350
352
353
356
357
1778
346
347
349
351
352
354
1718
1720
1779
350
351
352
353
354
356
357
1718
1720
1778
1779
1983
350
352
353
354
356
357
1778
1779
1983
346
347
349
351
352
353
354
1718
1720
1778
1779
1983
355
356
357
359
360
1778
350
352
353
355
356
357
359
360
1778
350
352
353
355
356
357
359
360
1778
358
359
360
361
363
1778
355
356
357
358
359
360
361
363
1778
355
356
357
358
359
360
361
363
1778
358
359
360
361
362
363
1777
1778
1814
1
3
5
361
362
363
364
1777
1778
1814
1815
1984
358
359
360
361
362
363
364
1777
1778
1814
1815
1984
1
3
5
362
363
364
1814
1815
1984
365
366
368
370
373
1840
365
366
367
368
370
373
1837
1840
1859
2
4
5
366
367
368
1837
1840
1859
2
4
5
365
366
367
368
370
373
1837
1840
1859
369
370
372
374
376
1839
365
366
368
369
370
371
372
373
374
376
1838
1839
1840
1982
1984
370
371
372
373
1838
1839
1840
1982
1984
369
370
371
372
374
376
1838
1839
1982
365
366
368
370
371
373
1838
1840
1984
369
370
372
374
375
376
1836
1839
1856
25
30
31
374
375
376
1836
1839
1856
25
30
31
369
370
372
374
375
376
1836
1839
1856
377
378
380
384
385
1852
377
378
379
380
384
385
1851
1852
1860
8
10
11
378
379
380
381
1851
1852
1860
1861
1901
377
378
379
380
381
384
385
1851
1852
1860
1861
1901
8
10
11
379
380
381
1860
1861
1901
382
383
385
386
388
1846
382
383
384
385
386
388
1843
1846
1852
377
378
380
383
384
385
1843
1846
1852
377
378
380
382
383
384
385
386
388
1843
1846
1852
382
383
385
386
387
388
389
1844
1846
1847
1862
1900
35
39
40
386
387
389
1844
1847
1862
382
383
385
386
388
389
1846
1847
1900
35
39
40
386
387
388
389
1844
1846
1847
1862
1900
390
391
393
396
398
1906
390
391
392
393
396
398
1904
1906
1928
14
16
17
391
392
393
394
1904
1906
1928
1929
1954
390
391
392
393
394
396
398
1904
1906
1928
1929
1954
14
16
17
392
393
394
1928
1929
1954
395
396
399
400
402
1907
390
391
393
395
396
397
398
399
400
402
1905
1906
1907
1942
1943
396
397
398
399
1905
1906
1907
1942
1943
390
391
393
396
397
398
1905
1906
1942
395
396
397
399
400
402
1905
1907
1943
395
396
399
400
401
402
1903
1907
1925
43
48
49
400
401
402
1903
1907
1925
43
48
49
395
396
399
400
401
402
1903
1907
1925
403
404
406
410
411
1957
403
404
405
406
407
410
411
1956
1957
1958
1960
1998
20
22
23
404
405
407
1956
1958
1960
403
404
406
407
410
411
1957
1958
1998
20
22
23
404
405
406
407
1956
1957
1958
1960
1998
408
409
411
412
414
1949
408
409
410
411
412
414
1946
1949
1957
403
404
406
409
410
411
1946
1949
1957
403
404
406
408
409
410
411
412
414
1946
1949
1957
408
409
411
412
413
414
415
1948
1949
1950
1963
1999
53
57
58
412
413
415
1948
1950
1963
408
409
411
412
414
415
1949
1950
1999
53
57
58
412
413
414
415
1948
1949
1950
1963
1999
416
417
418
420
423
426
427
780
1841
26
28
32
416
417
420
421
423
427
780
781
2058
416
418
419
420
421
426
427
1836
1841
1842
1857
2058
26
30
32
418
419
421
1836
1842
1857
416
417
418
420
421
423
426
427
780
781
1841
1842
2058
26
28
30
32
417
418
419
420
421
780
781
1836
1841
1842
1857
2058
422
424
425
427
429
432
434
787
1824
416
417
420
423
424
427
779
780
787
422
423
424
427
429
434
779
780
787
422
425
426
427
432
434
1820
1824
1841
416
418
420
425
426
427
1820
1824
1841
416
417
418
420
422
423
424
425
426
427
429
432
434
779
780
787
1820
1824
1841
428
431
433
434
437
439
441
796
1828
422
424
427
429
430
434
435
786
787
788
792
2060
429
430
431
435
786
788
791
792
798
428
430
431
434
435
437
441
791
792
796
798
2060
422
425
427
432
433
434
1819
1824
1828
428
432
433
434
439
441
1819
1824
1828
422
424
425
427
428
429
431
432
433
434
435
437
439
441
787
788
796
798
1819
1824
1828
2060
429
430
431
434
435
786
787
788
791
792
796
798
2060
436
438
439
440
443
445
446
801
1827
428
431
434
437
438
440
441
794
795
796
801
2045
436
437
438
440
443
446
794
795
801
428
433
434
436
439
440
441
445
446
1827
1828
2045
436
437
438
439
440
441
443
445
446
794
795
796
801
1827
1828
2045
428
431
433
434
437
439
440
441
795
796
1827
1828
2045
442
444
445
446
448
450
452
806
1827
436
438
440
443
444
446
800
801
806
442
443
444
446
448
452
800
801
806
436
439
440
442
445
446
450
452
1827
436
438
439
440
442
443
444
445
446
448
450
452
800
801
806
1827
447
449
451
453
456
458
460
812
1834
442
444
446
448
449
452
454
805
806
808
813
2049
447
448
449
453
454
456
460
805
808
812
813
2052
442
445
446
450
451
452
1825
1827
1833
447
450
451
452
453
458
460
1825
1827
1833
1834
2044
442
444
445
446
448
450
451
452
453
454
806
808
1825
1827
1833
1834
2044
2049
2052
447
449
451
452
453
454
456
458
460
812
813
1833
1834
2044
2049
2052
448
449
452
453
454
805
806
808
812
813
2044
2049
2052
455
457
459
460
462
464
465
816
1848
447
449
453
456
457
460
811
812
816
455
456
457
460
462
465
811
812
816
447
451
453
458
459
460
1830
1834
1848
455
458
459
460
464
465
1830
1834
1848
447
449
451
453
455
456
457
458
459
460
462
464
465
811
812
816
1830
1834
1848
461
463
464
465
466
467
469
820
1848
455
457
460
462
463
465
815
816
820
461
462
463
465
466
469
815
816
820
455
459
460
461
464
465
467
469
1848
455
457
459
460
461
462
463
464
465
466
467
469
815
816
820
1848
36
38
41
461
463
465
466
469
470
820
821
2051
461
464
465
467
468
469
470
1844
1848
1850
1863
2051
36
39
41
467
468
470
1844
1850
1863
461
463
464
465
466
467
469
470
820
821
1848
1850
2051
36
38
39
41
466
467
468
469
470
820
821
1844
1848
1850
1863
2051
471
473
475
477
478
480
481
483
485
832
1877
2177
67
69
72
472
473
478
826
827
832
471
472
473
478
480
485
826
827
832
37
39
40
41
474
476
477
1862
1863
1923
471
475
476
477
481
483
1874
1877
1923
37
39
40
474
475
476
477
1862
1863
1874
1877
1923
34
37
39
41
67
71
72
471
474
475
476
477
478
481
483
485
1862
1863
1874
1877
1923
2177
67
69
71
72
471
472
473
477
478
480
483
485
826
827
832
2177
479
480
481
482
484
487
490
492
494
831
1876
2152
471
473
478
479
480
484
485
487
494
831
832
2376
471
475
477
479
481
482
483
490
492
1876
1877
2148
479
481
482
483
484
490
492
494
1876
1877
2148
2152
2176
471
475
477
478
481
482
483
484
485
1876
1877
2148
2152
2176
2177
2376
479
480
482
483
484
485
487
492
494
831
832
2148
2152
2176
2177
2376
471
473
477
478
480
483
484
485
831
832
2176
2177
2376
486
489
490
491
496
497
499
840
1875
479
480
484
487
488
494
830
831
837
487
488
489
493
494
830
831
835
836
837
841
2295
486
488
489
491
493
496
499
835
836
840
841
2092
479
481
482
486
490
491
492
497
499
1875
1876
2089
486
489
490
491
492
493
496
497
499
840
841
1875
1876
2089
2092
2151
479
481
482
484
490
491
492
493
494
1875
1876
2089
2092
2151
2152
2295
488
489
491
492
493
494
835
836
837
840
841
2089
2092
2151
2152
2295
479
480
482
484
487
488
492
493
494
830
831
836
837
2151
2152
2295
495
496
498
499
501
504
506
840
1914
486
489
491
495
496
499
501
506
840
486
490
491
497
498
499
1873
1875
1914
495
497
498
499
504
506
1873
1875
1914
486
489
490
491
495
496
497
498
499
501
504
506
840
1873
1875
1914
500
503
504
505
507
509
510
512
513
851
1913
2025
495
496
499
501
502
506
839
840
845
501
502
503
506
507
839
840
844
845
846
851
2091
500
502
503
507
509
513
844
846
851
495
498
499
500
504
505
506
510
512
1913
1914
2022
500
504
505
506
507
510
512
513
1913
1914
2022
2025
2091
495
496
498
499
501
502
504
505
506
507
839
840
845
846
1913
1914
2022
2025
2091
500
502
503
505
506
507
509
512
513
844
845
846
851
2022
2025
2091
508
509
511
512
513
515
517
518
519
851
1916
2025
500
503
507
508
509
513
515
519
851
500
504
505
510
511
512
1912
1913
1916
508
510
511
512
517
518
1912
1913
1916
500
504
505
507
508
510
511
512
513
517
518
519
1912
1913
1916
2025
500
503
505
507
508
509
512
513
515
518
519
851
2025
514
516
517
518
519
521
523
524
526
854
1916
2025
508
509
513
515
516
519
850
851
854
514
515
516
519
521
526
850
851
854
508
511
512
514
517
518
523
524
1916
508
511
512
513
514
517
518
519
523
524
526
1916
2025
508
509
512
513
514
515
516
518
519
521
524
526
850
851
854
2025
520
522
523
525
528
532
533
857
1917
514
516
519
521
522
526
853
854
858
520
521
522
525
526
528
533
853
854
857
858
2034
514
517
518
520
523
524
525
532
533
1916
1917
2021
514
517
518
519
523
524
525
526
1916
1917
2021
2025
2034
520
522
523
524
525
526
528
532
533
857
858
1916
1917
2021
2025
2034
514
516
518
519
521
522
524
525
526
853
854
857
858
2021
2025
2034
527
530
531
533
534
536
537
538
539
866
1885
2035
520
522
525
528
529
533
534
856
857
859
863
2035
528
529
530
534
856
859
862
863
866
527
529
530
534
536
539
862
863
866
527
531
532
533
537
538
1883
1885
1917
520
523
525
531
532
533
1883
1885
1917
520
522
523
525
527
528
531
532
533
534
537
538
539
857
859
1883
1885
1917
2035
527
528
529
530
533
534
536
538
539
856
857
859
862
863
866
2035
535
536
537
538
539
541
544
545
547
866
1885
2035
527
530
534
535
536
539
541
547
866
527
531
533
535
537
538
544
545
1885
527
531
533
534
535
537
538
539
544
545
547
1885
2035
527
530
533
534
535
536
538
539
541
545
547
866
2035
540
543
544
546
548
550
551
554
555
876
1886
2107
535
536
539
541
542
547
865
866
870
541
542
543
547
548
865
866
869
870
871
876
2201
540
542
543
548
550
555
869
871
876
535
537
538
540
544
545
546
551
554
1885
1886
2031
535
537
538
539
544
545
546
547
1885
1886
2031
2035
2106
540
544
545
546
547
548
551
554
555
1885
1886
2031
2035
2106
2107
2201
535
536
538
539
541
542
545
546
547
548
865
866
870
871
2031
2035
2106
2107
2201
540
542
543
546
547
548
550
554
555
869
870
871
876
2106
2107
2201
549
550
552
553
557
560
561
874
1920
540
543
548
549
550
553
555
557
561
874
876
2073
540
544
546
551
552
554
1884
1886
1921
549
551
552
553
554
560
561
1884
1886
1920
1921
2068
549
550
552
553
554
555
557
560
561
874
876
1920
1921
2068
2073
2107
540
544
546
548
551
552
553
554
555
1884
1886
1920
1921
2068
2073
2107
540
543
546
548
550
553
554
555
874
876
2068
2073
2107
556
559
560
561
562
564
565
566
568
884
1920
2072
549
550
553
557
558
561
562
873
874
875
880
2072
557
558
559
562
873
875
879
880
884
556
558
559
562
564
568
879
880
884
549
552
553
556
560
561
565
566
1920
549
550
552
553
556
557
560
561
562
565
566
568
874
875
1920
2072
556
557
558
559
561
562
564
566
568
873
874
875
879
880
884
2072
563
564
565
567
570
575
576
883
1922
556
559
562
563
564
567
568
570
576
883
884
2115
556
560
561
563
565
566
567
575
576
1920
1922
2069
556
560
561
562
565
566
567
568
1920
1922
2069
2072
2115
563
564
565
566
567
568
570
575
576
883
884
1920
1922
2069
2072
2115
556
559
561
562
564
566
567
568
883
884
2069
2072
2115
569
572
573
576
578
579
580
893
1892
563
564
567
570
571
576
882
883
889
570
571
572
576
882
883
888
889
893
569
571
572
576
578
580
888
889
893
569
573
574
576
579
580
1887
1892
1899
573
574
575
576
1887
1892
1897
1899
1922
563
565
567
574
575
576
1897
1899
1922
563
564
565
567
569
570
571
572
573
574
575
576
578
579
580
882
883
888
889
893
1887
1892
1897
1899
1922
577
578
579
580
582
585
587
893
1892
569
572
576
577
578
580
582
587
893
569
573
576
577
579
580
585
587
1892
569
572
573
576
577
578
579
580
582
585
587
893
1892
581
584
585
588
591
592
594
904
1893
577
578
580
582
583
587
590
892
893
894
900
2116
582
583
584
588
589
590
892
894
897
898
899
900
904
2182
2256
581
583
584
588
591
594
897
898
904
577
579
580
581
585
586
587
588
592
594
1891
1892
1893
2062
2064
585
586
587
588
589
1891
1892
1893
2062
2064
2066
2114
2182
577
578
579
580
582
585
586
587
589
590
893
894
1891
1892
2062
2066
2114
2116
2256
581
583
584
585
586
588
589
591
592
594
897
898
899
904
1891
1893
2064
2066
2182
583
586
587
588
589
590
898
899
900
2062
2064
2066
2114
2116
2182
2256
582
583
587
589
590
892
893
894
899
900
2114
2116
2256
44
46
50
581
584
588
591
594
904
581
585
588
592
593
594
1889
1893
1927
44
48
50
592
593
594
1889
1893
1927
44
46
48
50
581
584
585
588
591
592
593
594
904
1889
1893
1927
595
596
597
599
601
604
606
607
608
909
1945
2066
45
47
51
595
596
601
602
604
608
909
910
2258
595
597
598
599
606
607
1943
1945
1961
45
49
50
597
598
599
600
1943
1945
1961
1962
2064
595
597
598
599
600
601
606
607
608
1943
1945
1961
1962
2064
2066
2182
45
49
50
51
598
599
600
601
602
1961
1962
2064
2066
2182
2183
2258
595
596
599
600
601
602
604
607
608
909
910
2064
2066
2182
2183
2258
45
47
50
51
596
600
601
602
909
910
2182
2183
2258
603
605
606
607
608
610
613
615
617
914
1945
2066
595
596
601
604
605
608
908
909
914
603
604
605
608
610
617
908
909
914
595
597
599
603
606
607
613
615
1945
595
597
599
601
603
606
607
608
613
615
617
1945
2066
595
596
599
601
603
604
605
607
608
610
615
617
908
909
914
2066
609
612
613
614
619
621
622
923
1944
603
605
608
610
611
617
913
914
919
610
611
612
616
617
913
914
917
918
919
924
2210
609
611
612
614
616
619
622
917
918
923
924
2042
603
606
607
609
613
614
615
621
622
1944
1945
2039
609
612
613
614
615
616
619
621
622
923
924
1944
1945
2039
2042
2065
603
606
607
608
613
614
615
616
617
1944
1945
2039
2042
2065
2066
2210
611
612
614
615
616
617
917
918
919
923
924
2039
2042
2065
2066
2210
603
605
607
608
610
611
615
616
617
913
914
918
919
2065
2066
2210
618
619
620
622
624
626
628
923
1933
609
612
614
618
619
622
624
628
923
618
620
621
622
626
628
1931
1933
1944
609
613
614
620
621
622
1931
1933
1944
609
612
613
614
618
619
620
621
622
624
626
628
923
1931
1933
1944
623
625
627
628
630
632
633
927
1939
618
619
622
624
625
628
922
923
927
623
624
625
628
630
633
922
923
927
618
620
622
626
627
628
1930
1933
1939
623
626
627
628
632
633
1930
1933
1939
618
619
620
622
623
624
625
626
627
628
630
632
633
922
923
927
1930
1933
1939
629
631
632
634
635
637
640
641
642
933
1940
2055
623
625
628
630
631
633
926
927
931
629
630
631
633
635
637
642
926
927
931
933
2043
623
627
628
629
632
633
634
640
641
1939
1940
2038
623
625
627
628
630
631
632
633
634
635
926
927
931
933
1939
1940
2038
2043
2055
629
632
633
634
635
640
641
642
1939
1940
2038
2043
2055
629
631
633
634
635
637
641
642
931
933
2038
2043
2055
636
639
640
641
644
646
648
940
1940
629
631
635
637
638
642
930
933
937
637
638
639
642
930
933
936
937
941
636
638
639
641
642
644
648
936
937
940
941
2055
629
632
634
636
640
641
646
648
1940
629
632
634
635
636
639
640
641
642
644
646
648
940
941
1940
2055
629
631
634
635
637
638
639
641
642
930
933
936
937
940
941
2055
643
645
647
648
649
650
652
944
1951
636
639
641
644
645
648
939
940
944
643
644
645
648
649
652
939
940
944
636
640
641
646
647
648
1937
1940
1951
643
646
647
648
650
652
1937
1940
1951
636
639
640
641
643
644
645
646
647
648
649
650
652
939
940
944
1937
1940
1951
54
56
59
643
645
648
649
652
653
944
945
2054
643
647
648
650
651
652
653
1948
1951
1953
1964
2054
54
57
59
650
651
653
1948
1953
1964
643
645
647
648
649
650
652
653
944
945
1951
1953
2054
54
56
57
59
649
650
651
652
653
944
945
1948
1951
1953
1964
2054
654
655
657
659
660
662
665
667
669
951
2001
2179
81
83
85
654
655
660
662
669
951
55
57
58
59
656
658
659
1963
1964
2020
654
657
658
659
665
667
1999
2001
2020
55
57
58
656
657
658
659
1963
1964
1999
2001
2020
55
57
59
60
654
656
657
658
659
660
665
667
669
1963
1964
1999
2001
2020
2179
52
55
59
60
81
83
85
654
655
659
660
662
667
669
951
2179
661
663
664
666
668
671
674
676
678
955
1975
2159
654
655
660
662
663
669
950
951
956
661
662
663
668
669
671
678
950
951
955
956
2385
661
664
665
666
674
676
1971
1975
2000
654
657
659
664
665
666
667
1971
1975
2000
2001
2155
661
664
665
666
667
668
669
674
676
678
1971
1975
2000
2001
2155
2159
2161
2179
2385
654
657
659
660
665
666
667
669
2000
2001
2155
2161
2179
661
663
666
668
669
671
676
678
955
956
2159
2161
2385
654
655
659
660
662
663
666
667
668
669
950
951
955
956
2155
2159
2161
2179
2385
670
673
674
675
680
681
682
964
1974
661
663
668
671
672
678
954
955
961
671
672
673
677
678
954
955
959
960
961
965
2314
670
672
673
675
677
680
682
959
960
964
965
2104
661
664
666
670
674
675
676
681
682
1974
1975
2101
670
673
674
675
676
677
680
681
682
964
965
1974
1975
2101
2104
2158
661
664
666
668
674
675
676
677
678
1974
1975
2101
2104
2158
2159
2314
672
673
675
676
677
678
959
960
961
964
965
2101
2104
2158
2159
2314
661
663
666
668
671
672
676
677
678
954
955
960
961
2158
2159
2314
679
680
681
682
684
686
689
964
1974
670
673
675
679
680
682
684
689
964
670
674
675
679
681
682
686
689
1974
670
673
674
675
679
680
681
682
684
686
689
964
1974
683
685
687
688
690
692
695
696
697
969
2013
2029
679
680
682
684
685
689
963
964
968
683
684
685
689
690
692
697
963
964
968
969
2103
679
681
682
686
687
689
1973
1974
2015
683
686
687
688
689
695
696
1973
1974
2013
2015
2027
683
687
688
689
690
695
696
697
2013
2015
2027
2029
2103
679
680
681
682
684
685
686
687
688
689
690
963
964
968
969
1973
1974
2013
2015
2027
2029
2103
683
685
688
689
690
692
696
697
968
969
2027
2029
2103
691
694
695
696
697
699
700
701
702
978
2013
2029
683
685
690
692
693
697
967
969
974
692
693
694
697
967
969
973
974
978
691
693
694
697
699
702
973
974
978
683
687
688
691
695
696
700
701
2013
683
687
688
690
691
695
696
697
700
701
702
2013
2029
683
685
688
690
691
692
693
694
696
697
699
701
702
967
969
973
974
978
2029
698
699
700
701
702
704
708
709
711
978
2013
2029
691
694
697
698
699
702
704
711
978
691
695
696
698
700
701
708
709
2013
691
695
696
697
698
700
701
702
708
709
711
2013
2029
691
694
696
697
698
699
701
702
704
709
711
978
2029
703
706
707
710
712
714
715
717
719
986
1980
2097
698
699
702
704
705
711
977
978
981
704
705
706
711
712
977
978
980
981
982
986
2193
703
705
706
712
714
719
980
982
986
703
707
708
710
715
717
1977
1980
2014
698
700
701
707
708
709
710
1977
1980
2013
2014
2026
698
700
701
702
708
709
710
711
712
2013
2014
2026
2029
2030
2097
2193
703
707
708
709
710
712
715
717
719
1977
1980
2013
2014
2026
2030
2097
698
699
701
702
704
705
709
711
712
977
978
981
982
2029
2030
2193
703
705
706
709
710
711
712
714
717
719
980
981
982
986
2026
2029
2030
2097
2193
713
714
715
716
718
721
724
725
726
985
1979
2087
703
706
712
713
714
718
719
721
726
985
986
2287
703
707
710
713
715
716
717
724
725
1979
1980
2084
713
715
716
717
718
724
725
726
1979
1980
2084
2087
2096
703
707
710
712
715
716
717
718
719
1979
1980
2084
2087
2096
2097
2287
713
714
716
717
718
719
721
725
726
985
986
2084
2087
2096
2097
2287
703
706
710
712
714
717
718
719
985
986
2096
2097
2287
720
723
724
725
728
730
732
994
1979
713
714
718
721
722
726
984
985
990
721
722
723
726
984
985
989
990
995
720
722
723
725
726
728
732
989
990
994
995
2087
713
715
716
720
724
725
730
732
1979
713
715
716
718
720
723
724
725
726
728
730
732
994
995
1979
2087
713
714
716
718
721
722
723
725
726
984
985
989
990
994
995
2087
727
729
731
732
734
735
737
998
2018
720
723
725
728
729
732
993
994
998
727
728
729
732
734
737
993
994
998
720
724
725
730
731
732
1978
1979
2018
727
730
731
732
735
737
1978
1979
2018
720
723
724
725
727
728
729
730
731
732
734
735
737
993
994
998
1978
1979
2018
733
734
735
736
738
740
744
745
746
999
2017
2080
727
729
732
733
734
737
738
740
746
998
999
2086
727
731
732
733
735
736
737
744
745
2017
2018
2076
733
735
736
737
738
744
745
746
2017
2018
2076
2080
2086
727
729
731
732
734
735
736
737
738
998
999
2017
2018
2076
2080
2086
733
734
736
737
738
740
745
746
998
999
2076
2080
2086
739
742
743
745
748
750
751
1007
1995
733
734
738
740
741
746
997
999
1004
740
741
742
746
997
999
1003
1004
1008
739
741
742
745
746
748
751
1003
1004
1007
1008
2080
739
743
744
745
750
751
1994
1995
2017
733
735
736
743
744
745
1994
1995
2017
733
735
736
738
739
742
743
744
745
746
748
750
751
1007
1008
1994
1995
2017
2080
733
734
736
738
740
741
742
745
746
997
999
1003
1004
1007
1008
2080
747
749
750
752
755
756
757
1013
1996
739
742
745
748
749
751
753
1006
1007
1009
1014
2081
747
748
749
752
753
755
757
1006
1009
1013
1014
2111
739
743
745
747
750
751
752
756
757
1995
1996
2077
739
742
743
745
748
750
751
752
753
1007
1009
1995
1996
2077
2081
2111
747
749
750
751
752
753
755
756
757
1013
1014
1995
1996
2077
2081
2111
748
749
751
752
753
1006
1007
1009
1013
1014
2077
2081
2111
754
755
756
757
759
763
764
1013
1996
747
749
752
754
755
757
759
764
1013
747
750
752
754
756
757
763
764
1996
747
749
750
752
754
755
756
757
759
763
764
1013
1996
758
761
762
764
766
768
771
1022
1986
754
755
757
759
760
764
1012
1013
1017
759
760
761
764
1012
1013
1016
1017
1022
758
760
761
764
766
771
1016
1017
1022
758
762
763
764
768
771
1981
1986
1996
754
756
757
762
763
764
1981
1986
1996
754
755
756
757
758
759
760
761
762
763
764
766
768
771
1012
1013
1016
1017
1022
1981
1986
1996
765
767
769
772
774
775
776
777
778
1028
2002
2181
758
761
764
766
767
771
773
774
1021
1022
1023
1025
1028
2110
2247
765
766
767
774
775
778
1021
1025
1028
758
762
764
768
769
770
771
772
1982
1985
1986
1987
2002
2056
2058
765
768
769
772
776
777
1982
1987
2002
768
770
771
772
773
1985
1986
1987
2056
2058
2060
2110
2180
758
761
762
764
766
768
770
771
773
1022
1023
1985
1986
2056
2060
2110
765
768
769
770
772
773
774
776
777
778
1982
1985
1987
2002
2058
2060
2180
2181
2247
766
770
771
772
773
774
1022
1023
1025
2056
2058
2060
2110
2180
2181
2247
765
766
767
772
773
774
775
777
778
1021
1023
1025
1028
2180
2181
2247
27
29
33
765
767
774
775
778
1028
27
31
32
765
769
772
776
777
2002
27
31
32
33
765
769
772
774
776
777
778
2002
2181
27
29
32
33
765
767
772
774
775
777
778
1028
2181
423
424
427
779
780
782
784
787
788
789
2060
2248
416
417
420
421
423
424
427
779
780
781
782
787
788
2058
2060
2180
26
28
32
33
417
420
421
780
781
782
783
2058
2060
2180
2181
2247
779
780
781
782
783
784
787
788
789
2058
2060
2180
2181
2247
2248
2444
24
28
32
33
61
64
65
781
782
783
784
785
2180
2181
2247
2248
2444
2445
2455
779
782
783
784
785
788
789
2247
2248
2444
2445
2455
61
64
65
783
784
785
2444
2445
2455
429
430
435
786
788
790
792
793
2249
422
423
424
427
429
434
435
779
780
782
787
788
2060
429
430
434
435
779
780
782
784
786
787
788
789
790
792
793
2060
2248
2249
2454
779
782
784
788
789
790
2248
2249
2454
786
788
789
790
792
793
2248
2249
2454
430
431
435
791
792
793
798
799
2249
429
430
431
435
786
788
790
791
792
793
798
799
2249
786
788
790
791
792
793
798
799
2249
437
438
440
794
795
797
799
801
802
803
2048
2224
437
438
440
441
794
795
796
797
801
802
2045
2048
2059
428
431
434
435
437
440
441
795
796
797
798
2045
2048
2059
2060
2221
794
795
796
797
798
799
801
802
803
2045
2048
2059
2060
2221
2224
2249
430
431
434
435
791
792
793
796
797
798
799
2059
2060
2221
2224
2249
791
792
793
794
797
798
799
802
803
2221
2224
2249
443
444
446
800
801
802
804
806
807
809
2048
2225
436
437
438
440
443
444
446
794
795
797
800
801
802
806
807
2048
794
795
797
799
800
801
802
803
804
806
807
809
2048
2224
2225
2468
794
797
799
802
803
804
2224
2225
2468
800
802
803
804
807
809
2224
2225
2468
448
449
454
805
808
810
813
814
2235
442
443
444
446
448
452
454
800
801
802
806
807
808
2048
2049
2220
800
801
802
804
806
807
808
809
2048
2049
2220
2225
2234
448
449
452
454
805
806
807
808
809
810
813
814
2048
2049
2220
2225
2234
2235
2471
800
802
804
807
808
809
810
2220
2225
2234
2235
2471
805
808
809
810
813
814
2234
2235
2471
456
457
460
811
812
813
814
816
817
819
2052
2235
447
449
453
454
456
457
460
811
812
813
816
817
2052
448
449
453
454
805
808
810
811
812
813
814
816
817
819
2052
2235
805
808
810
811
813
814
817
819
2235
462
463
465
815
816
817
818
820
822
824
2052
2233
455
456
457
460
462
463
465
811
812
813
815
816
817
820
822
2052
811
812
813
814
815
816
817
818
819
820
822
824
2052
2233
2235
2461
815
817
818
819
822
824
2233
2235
2461
811
813
814
817
818
819
2233
2235
2461
461
462
463
465
466
469
470
815
816
817
820
821
822
2051
2052
2175
34
36
38
41
68
71
72
466
469
470
820
821
822
823
2051
2052
2175
2177
2232
815
816
817
818
820
821
822
823
824
2051
2052
2175
2177
2232
2233
2435
68
71
72
73
821
822
823
824
825
2175
2177
2232
2233
2435
2436
2462
815
817
818
822
823
824
825
2232
2233
2435
2436
2462
68
72
73
823
824
825
2435
2436
2462
472
473
478
826
827
828
832
833
2437
67
69
72
74
472
473
478
826
827
828
829
832
833
2437
2439
2487
826
827
828
829
832
833
2437
2439
2487
69
72
74
827
828
829
2437
2439
2487
487
488
494
830
831
834
837
838
2379
479
480
484
485
487
488
494
830
831
832
834
837
838
2376
2379
2438
471
472
473
478
480
484
485
826
827
828
831
832
833
834
2376
2379
2437
2438
2486
826
827
828
832
833
834
2437
2438
2486
830
831
832
833
834
837
838
2376
2379
2437
2438
2486
488
489
493
835
836
838
841
843
2300
488
489
493
494
835
836
837
838
841
843
2295
2300
2379
487
488
493
494
830
831
834
836
837
838
2295
2300
2379
830
831
834
835
836
837
838
841
843
2295
2300
2379
501
502
506
839
840
841
842
845
847
849
2092
2299
486
489
491
493
495
496
499
501
502
506
839
840
841
845
847
2092
488
489
491
493
835
836
838
839
840
841
842
843
845
847
849
2092
2299
2300
2503
839
841
842
843
847
849
2299
2300
2503
835
836
838
841
842
843
2299
2300
2503
502
503
507
844
846
848
851
852
2188
501
502
506
507
839
840
841
845
846
847
2091
2092
2185
502
503
506
507
844
845
846
847
848
851
852
2091
2092
2185
2188
2298
839
840
841
842
845
846
847
848
849
2091
2092
2185
2188
2298
2299
2499
844
846
847
848
849
851
852
2185
2188
2298
2299
2499
839
841
842
847
848
849
2298
2299
2499
515
516
519
850
851
852
854
855
2188
500
502
503
507
508
509
513
515
516
519
844
846
848
850
851
852
854
855
2188
844
846
848
850
851
852
854
855
2188
521
522
526
853
854
855
858
860
2188
514
515
516
519
521
522
526
850
851
852
853
854
855
858
860
2188
850
851
852
853
854
855
858
860
2188
528
529
534
856
859
861
863
864
2204
520
522
525
526
528
533
534
857
858
859
2034
2035
2184
521
522
525
526
853
854
855
857
858
859
860
861
2034
2035
2184
2188
2189
2204
2500
528
529
533
534
856
857
858
859
861
863
864
2034
2035
2184
2189
2204
853
854
855
858
860
861
2188
2189
2500
856
858
859
860
861
863
864
2184
2188
2189
2204
2500
529
530
534
862
863
864
866
867
2204
528
529
530
534
856
859
861
862
863
864
866
867
2204
856
859
861
862
863
864
866
867
2204
541
542
547
865
866
868
870
872
2205
527
529
530
534
535
536
539
541
542
547
862
863
864
865
866
867
868
870
872
2204
2205
2508
862
863
864
866
867
868
2204
2205
2508
865
866
867
868
870
872
2204
2205
2508
542
543
548
869
871
872
876
877
2322
541
542
547
548
865
866
868
870
871
872
2201
2205
2322
542
543
547
548
869
870
871
872
876
877
2201
2205
2322
865
866
868
869
870
871
872
876
877
2201
2205
2322
557
558
562
873
875
878
880
881
2271
549
550
553
555
557
561
562
874
875
876
2072
2073
2267
557
558
561
562
873
874
875
876
878
880
881
2072
2073
2267
2271
2323
540
542
543
548
550
553
555
869
871
872
874
875
876
877
878
2072
2073
2267
2271
2322
2323
2511
869
871
872
876
877
878
2322
2323
2511
873
875
876
877
878
880
881
2267
2271
2322
2323
2511
558
559
562
879
880
881
884
886
2271
557
558
559
562
873
875
878
879
880
881
884
886
2271
873
875
878
879
880
881
884
886
2271
570
571
576
882
883
885
887
889
890
891
2116
2334
563
564
567
568
570
571
576
882
883
884
885
889
890
2115
2116
2268
556
558
559
562
564
567
568
879
880
881
883
884
885
886
887
2115
2116
2268
2271
2272
2334
2517
882
883
884
885
887
889
890
891
2115
2116
2268
2272
2334
879
880
881
884
886
887
2271
2272
2517
882
884
885
886
887
890
891
2268
2271
2272
2334
2517
571
572
576
888
889
890
891
893
894
896
2116
2334
570
571
572
576
882
883
885
888
889
890
893
894
2116
882
883
885
887
888
889
890
891
893
894
896
2116
2334
882
885
887
888
890
891
894
896
2334
582
583
590
892
894
895
900
903
2333
569
571
572
576
577
578
580
582
587
590
888
889
890
893
894
2116
582
583
587
590
888
889
890
891
892
893
894
895
896
900
903
2116
2333
2334
2514
892
894
895
896
900
903
2333
2334
2514
888
890
891
894
895
896
2333
2334
2514
583
584
588
897
898
901
902
904
905
906
2183
2449
583
584
588
589
897
898
899
901
904
905
2182
2183
2258
583
588
589
590
898
899
900
901
903
2182
2183
2256
2258
2260
2333
2450
582
583
589
590
892
894
895
899
900
903
2256
2260
2333
897
898
899
901
902
903
904
905
906
2182
2183
2258
2260
2449
2450
2491
897
901
902
903
905
906
2449
2450
2491
892
894
895
899
900
901
902
903
2256
2258
2260
2333
2449
2450
2491
44
46
50
51
581
583
584
588
591
594
897
898
901
904
905
2183
42
46
50
51
75
78
79
897
898
901
902
904
905
906
907
2183
2449
2451
2492
897
901
902
905
906
907
2449
2451
2492
75
78
79
905
906
907
2449
2451
2492
604
605
608
908
909
911
914
915
2261
595
596
601
602
604
605
608
908
909
910
911
914
915
2258
2261
2452
42
45
47
51
76
78
80
596
601
602
909
910
911
912
2258
2261
2452
2453
2536
908
909
910
911
912
914
915
2258
2261
2452
2453
2536
76
78
80
910
911
912
2452
2453
2536
610
611
617
913
914
916
919
921
2262
603
604
605
608
610
611
617
908
909
911
913
914
915
916
919
921
2261
2262
2535
908
909
911
914
915
916
2261
2262
2535
913
914
915
916
919
921
2261
2262
2535
611
612
616
917
918
920
924
925
2213
611
612
616
617
917
918
919
920
921
924
925
2210
2213
2215
2262
2541
610
611
616
617
913
914
916
918
919
921
2210
2215
2262
917
918
920
921
924
925
2213
2215
2541
913
914
916
918
919
920
921
2210
2213
2215
2262
2541
624
625
628
922
923
924
925
927
928
929
2042
2213
609
612
614
616
618
619
622
624
625
628
922
923
924
927
928
2042
611
612
614
616
917
918
920
922
923
924
925
927
928
929
2042
2213
917
918
920
922
924
925
928
929
2213
630
631
633
926
927
928
929
931
932
934
2042
2213
623
624
625
628
630
631
633
922
923
924
926
927
928
931
932
2042
922
923
924
925
926
927
928
929
931
932
934
2042
2213
922
924
925
926
928
929
932
934
2213
637
638
642
930
933
935
937
938
2242
630
631
633
635
926
927
928
931
932
933
2042
2043
2209
926
927
928
929
931
932
933
934
935
2042
2043
2209
2213
2214
2242
2540
629
631
633
635
637
638
642
930
931
932
933
935
937
938
2042
2043
2209
2214
2242
926
928
929
932
934
935
2213
2214
2540
930
932
933
934
935
937
938
2209
2213
2214
2242
2540
638
639
642
936
937
938
941
943
2242
637
638
639
642
930
933
935
936
937
938
941
943
2242
930
933
935
936
937
938
941
943
2242
644
645
648
939
940
941
942
944
946
948
2055
2241
636
639
641
642
644
645
648
939
940
941
944
946
2055
638
639
641
642
936
937
938
939
940
941
942
943
944
946
948
2055
2241
2242
2527
939
941
942
943
946
948
2241
2242
2527
936
937
938
941
942
943
2241
2242
2527
643
644
645
648
649
652
653
939
940
941
944
945
946
2054
2055
2178
54
56
59
60
649
652
653
944
945
946
947
2054
2055
2178
2179
2240
939
940
941
942
944
945
946
947
948
2054
2055
2178
2179
2240
2241
2440
52
56
59
60
82
85
86
945
946
947
948
949
2178
2179
2240
2241
2440
2441
2528
939
941
942
946
947
948
949
2240
2241
2440
2441
2528
82
85
86
947
948
949
2440
2441
2528
662
663
669
950
951
952
956
957
2442
81
83
85
87
654
655
660
662
663
669
950
951
952
953
956
957
2442
2443
2556
950
951
952
953
956
957
2442
2443
2556
83
85
87
951
952
953
2442
2443
2556
671
672
678
954
955
958
961
962
2388
661
663
668
669
671
672
678
954
955
956
957
958
961
962
2385
2387
2388
2442
2555
662
663
668
669
950
951
952
955
956
957
2385
2387
2442
950
951
952
955
956
957
958
2385
2387
2388
2442
2555
954
955
957
958
961
962
2387
2388
2555
672
673
677
959
960
962
965
966
2318
672
673
677
678
959
960
961
962
965
966
2314
2318
2388
671
672
677
678
954
955
958
960
961
962
2314
2318
2388
954
955
958
959
960
961
962
965
966
2314
2318
2388
684
685
689
963
964
965
966
968
970
972
2104
2318
670
673
675
677
679
680
682
684
685
689
963
964
965
968
970
2104
672
673
675
677
959
960
962
963
964
965
966
968
970
972
2104
2318
959
960
962
963
965
966
970
972
2318
692
693
697
967
969
971
974
975
2196
684
685
689
690
963
964
965
968
969
970
2103
2104
2194
683
685
689
690
692
693
697
967
968
969
970
971
974
975
2103
2104
2194
2196
2317
963
964
965
966
968
969
970
971
972
2103
2104
2194
2196
2317
2318
2566
967
969
970
971
972
974
975
2194
2196
2317
2318
2566
963
965
966
970
971
972
2317
2318
2566
693
694
697
973
974
976
978
979
2197
692
693
694
697
967
969
971
973
974
975
976
978
979
2196
2197
2565
967
969
971
974
975
976
2196
2197
2565
973
974
975
976
978
979
2196
2197
2565
704
705
711
977
978
979
981
983
2197
691
693
694
697
698
699
702
704
705
711
973
974
976
977
978
979
981
983
2197
973
974
976
977
978
979
981
983
2197
705
706
712
980
982
983
986
987
2308
704
705
711
712
977
978
979
981
982
983
2193
2197
2308
705
706
711
712
980
981
982
983
986
987
2193
2197
2308
977
978
979
980
981
982
983
986
987
2193
2197
2308
721
722
726
984
985
988
990
991
2289
713
714
718
719
721
722
726
984
985
986
988
990
991
2287
2289
2309
703
705
706
712
714
718
719
980
982
983
985
986
987
988
2287
2289
2308
2309
2570
980
982
983
986
987
988
2308
2309
2570
984
985
986
987
988
990
991
2287
2289
2308
2309
2570
722
723
726
989
990
992
995
996
2290
721
722
723
726
984
985
988
989
990
991
992
995
996
2289
2290
2576
984
985
988
990
991
992
2289
2290
2576
989
990
991
992
995
996
2289
2290
2576
728
729
732
993
994
995
996
998
1000
1002
2087
2290
720
723
725
726
728
729
732
993
994
995
998
1000
2087
722
723
725
726
989
990
992
993
994
995
996
998
1000
1002
2087
2290
989
990
992
993
995
996
1000
1002
2290
740
741
746
997
999
1001
1004
1005
2281
727
728
729
732
734
737
738
993
994
995
998
999
1000
2086
2087
2277
733
734
737
738
740
741
746
997
998
999
1000
1001
1002
1004
1005
2086
2087
2277
2281
2283
2290
2584
993
994
995
996
998
999
1000
1002
2086
2087
2277
2283
2290
997
999
1001
1002
1004
1005
2281
2283
2584
993
995
996
999
1000
1001
1002
2277
2281
2283
2290
2584
741
742
746
1003
1004
1005
1008
1010
2281
740
741
742
746
997
999
1001
1003
1004
1005
1008
1010
2281
997
999
1001
1003
1004
1005
1008
1010
2281
748
749
753
1006
1009
1011
1014
1015
2329
739
742
745
746
748
751
753
1007
1008
1009
2080
2081
2278
741
742
745
746
1003
1004
1005
1007
1008
1009
1010
1011
2080
2081
2278
2281
2282
2329
2583
748
749
751
753
1006
1007
1008
1009
1011
1014
1015
2080
2081
2278
2282
2329
1003
1004
1005
1008
1010
1011
2281
2282
2583
1006
1008
1009
1010
1011
1014
1015
2278
2281
2282
2329
2583
759
760
764
1012
1013
1014
1015
1017
1018
1020
2329
747
749
752
753
754
755
757
759
760
764
1012
1013
1014
1017
1018
2111
748
749
752
753
1006
1009
1011
1012
1013
1014
1015
1017
1018
1020
2111
2329
1006
1009
1011
1012
1014
1015
1018
1020
2329
760
761
764
1016
1017
1018
1019
1022
1024
1027
2111
2328
759
760
761
764
1012
1013
1014
1016
1017
1018
1022
1024
2111
1012
1013
1014
1015
1016
1017
1018
1019
1020
1022
1024
1027
2111
2328
2329
2579
1016
1018
1019
1020
1024
1027
2328
2329
2579
1012
1014
1015
1018
1019
1020
2328
2329
2579
766
767
774
1021
1025
1026
1028
1029
2446
758
760
761
764
766
771
773
1016
1017
1018
1022
1023
1024
2110
2111
2245
766
771
773
774
1022
1023
1024
1025
1027
2110
2111
2245
2247
2251
2328
2447
1016
1017
1018
1019
1022
1023
1024
1027
2110
2111
2245
2251
2328
766
767
773
774
1021
1023
1025
1026
1027
1028
1029
2247
2251
2446
2447
2560
1021
1025
1026
1027
1028
1029
2446
2447
2560
1016
1018
1019
1023
1024
1025
1026
1027
2245
2247
2251
2328
2446
2447
2560
24
27
29
33
62
64
66
765
766
767
774
775
778
1021
1025
1026
1028
1029
1030
2446
2448
2561
1021
1025
1026
1028
1029
1030
2446
2448
2561
62
64
66
1028
1029
1030
2446
2448
2561
1031
1032
1034
1036
1038
2457
1031
1032
1033
1034
1036
1038
2455
2457
2481
63
65
66
1032
1033
1034
1035
2455
2457
2481
2482
2561
1031
1032
1033
1034
1035
1036
1038
2455
2457
2481
2482
2561
63
65
66
1033
1034
1035
2481
2482
2561
1031
1032
1034
1036
1037
1038
2456
2457
2483
88
92
93
1036
1037
1038
1039
2456
2457
2483
2484
2562
1031
1032
1034
1036
1037
1038
1039
2456
2457
2483
2484
2562
88
92
93
1037
1038
1039
2483
2484
2562
1040
1041
1043
1045
1047
2464
1040
1041
1042
1043
1045
1047
2462
2464
2476
70
73
74
1041
1042
1043
1044
2462
2464
2476
2477
2487
1040
1041
1042
1043
1044
1045
1047
2462
2464
2476
2477
2487
70
73
74
1042
1043
1044
2476
2477
2487
1040
1041
1043
1045
1046
1047
2463
2464
2478
97
101
102
1045
1046
1047
1048
2463
2464
2478
2479
2488
1040
1041
1043
1045
1046
1047
1048
2463
2464
2478
2479
2488
97
101
102
1046
1047
1048
2478
2479
2488
1049
1050
1052
1054
1056
2494
1049
1050
1051
1052
1053
1054
1056
2492
2494
2495
2523
2536
77
79
80
1050
1051
1053
2492
2495
2523
1049
1050
1052
1053
1054
1056
2494
2495
2536
77
79
80
1050
1051
1052
1053
2492
2494
2495
2523
2536
1049
1050
1052
1054
1055
1056
1057
2493
2494
2496
2524
2537
106
110
111
1054
1055
1057
2493
2496
2524
1049
1050
1052
1054
1056
1057
2494
2496
2537
106
110
111
1054
1055
1056
1057
2493
2494
2496
2524
2537
1058
1059
1061
1063
1065
2530
1058
1059
1060
1061
1063
1065
2528
2530
2551
84
86
87
1059
1060
1061
1062
2528
2530
2551
2552
2556
1058
1059
1060
1061
1062
1063
1065
2528
2530
2551
2552
2556
84
86
87
1060
1061
1062
2551
2552
2556
1058
1059
1061
1063
1064
1065
1066
2529
2530
2531
2553
2557
115
119
120
1063
1064
1066
2529
2531
2553
1058
1059
1061
1063
1065
1066
2530
2531
2557
115
119
120
1063
1064
1065
1066
2529
2530
2531
2553
2557
1067
1068
1070
1072
1075
1078
1079
2459
2872
1067
1068
1069
1070
1071
1075
1078
2456
2459
2460
2485
2871
89
92
94
1068
1069
1071
2456
2460
2485
1067
1068
1070
1071
1072
1075
1078
1079
2459
2460
2871
2872
2904
89
92
94
95
1068
1069
1070
1071
1072
1073
2456
2459
2460
2485
2871
2872
2904
2905
2921
1067
1070
1071
1072
1073
1078
1079
2871
2872
2904
2905
2921
89
94
95
1071
1072
1073
2904
2905
2921
1074
1076
1077
1080
1082
1083
1084
2470
2672
1067
1068
1070
1075
1076
1077
1078
2454
2458
2459
2470
2670
1074
1075
1076
1077
1082
1083
2454
2458
2470
1074
1075
1076
1077
1078
1079
1080
1082
1083
1084
2454
2458
2459
2470
2670
2671
2672
2872
2920
1067
1068
1070
1072
1075
1077
1078
1079
2458
2459
2670
2671
2872
1067
1070
1072
1077
1078
1079
1080
2670
2671
2672
2872
2920
1074
1077
1079
1080
1083
1084
2671
2672
2920
1081
1082
1083
1085
1087
1089
1090
2470
2673
1074
1076
1077
1081
1082
1083
1087
1089
2470
1074
1076
1077
1080
1081
1082
1083
1084
1085
1087
1089
1090
2470
2672
2673
2933
1074
1077
1080
1083
1084
1085
2672
2673
2933
1081
1083
1084
1085
1089
1090
2672
2673
2933
1086
1087
1088
1090
1092
1094
1096
2469
2625
1081
1082
1083
1086
1087
1088
1089
1092
1094
2469
2470
2620
1086
1087
1088
1089
1090
1092
1094
1096
2469
2470
2620
2625
2673
1081
1082
1083
1085
1087
1088
1089
1090
2469
2470
2620
2625
2673
1081
1083
1085
1086
1088
1089
1090
1094
1096
2620
2625
2673
1091
1093
1095
1096
1098
1099
1100
2473
2850
1086
1087
1088
1092
1093
1094
2468
2469
2472
1091
1092
1093
1094
1095
1098
1099
2468
2469
2472
2473
2622
1086
1087
1088
1090
1092
1093
1094
1095
1096
2468
2469
2472
2473
2622
2625
2850
1091
1093
1094
1095
1096
1098
1099
1100
2472
2473
2622
2625
2850
1086
1088
1090
1091
1094
1095
1096
1099
1100
2622
2625
2850
1097
1098
1099
1101
1103
1106
1107
2473
2851
1091
1093
1095
1097
1098
1099
1103
1106
2473
1091
1093
1095
1096
1097
1098
1099
1100
1101
1103
1106
1107
2473
2850
2851
2936
1091
1095
1096
1099
1100
1101
2850
2851
2936
1097
1099
1100
1101
1106
1107
2850
2851
2936
1102
1104
1105
1107
1110
1111
1113
2474
2656
1097
1098
1099
1103
1104
1106
2471
2473
2475
1102
1103
1104
1105
1106
1110
1111
2471
2473
2474
2475
2653
1102
1104
1105
1106
1107
1110
1111
1113
2474
2475
2653
2656
2851
1097
1098
1099
1101
1103
1104
1105
1106
1107
2471
2473
2474
2475
2653
2656
2851
1097
1099
1101
1102
1105
1106
1107
1111
1113
2653
2656
2851
1108
1109
1111
1112
1114
1116
1118
2465
2655
1108
1109
1110
1111
1114
1116
2461
2465
2474
1102
1104
1105
1109
1110
1111
2461
2465
2474
1102
1104
1105
1107
1108
1109
1110
1111
1112
1113
1114
1116
1118
2461
2465
2474
2655
2656
2926
1108
1111
1112
1113
1116
1118
2655
2656
2926
1102
1105
1107
1111
1112
1113
2655
2656
2926
1108
1109
1111
1114
1115
1116
1117
2463
2465
2467
2480
2654
98
101
103
1114
1115
1117
2463
2467
2480
1108
1109
1111
1112
1114
1116
1117
1118
2465
2467
2654
2655
2896
98
101
103
104
1114
1115
1116
1117
1118
1119
2463
2465
2467
2480
2654
2655
2896
2897
2927
1108
1111
1112
1116
1117
1118
1119
2654
2655
2896
2897
2927
98
103
104
1117
1118
1119
2896
2897
2927
1120
1121
1123
1125
1128
1130
1131
2489
2777
1120
1121
1122
1123
1124
1128
1130
2488
2489
2490
2526
2775
99
102
103
1121
1122
1124
2488
2490
2526
1120
1121
1123
1124
1125
1128
1130
1131
2489
2490
2775
2777
2898
99
102
103
105
1121
1122
1123
1124
1125
1126
2488
2489
2490
2526
2775
2777
2898
2899
2952
1120
1123
1124
1125
1126
1130
1131
2775
2777
2898
2899
2952
99
103
105
1124
1125
1126
2898
2899
2952
1127
1129
1130
1132
1135
1137
1138
2507
2778
1120
1121
1123
1128
1129
1130
2486
2489
2507
1127
1128
1129
1130
1135
1137
2486
2489
2507
1120
1121
1123
1125
1127
1128
1129
1130
1131
1132
1135
1137
1138
2486
2489
2507
2777
2778
2951
1120
1123
1125
1130
1131
1132
2777
2778
2951
1127
1130
1131
1132
1137
1138
2777
2778
2951
1133
1134
1136
1138
1140
1141
1143
2505
2683
1133
1134
1135
1136
1140
1141
2503
2505
2506
1127
1129
1130
1134
1135
1136
1137
2503
2505
2506
2507
2679
1133
1134
1135
1136
1137
1138
1140
1141
1143
2503
2505
2506
2507
2679
2683
2778
1127
1129
1130
1132
1135
1136
1137
1138
2506
2507
2679
2683
2778
1127
1130
1132
1133
1136
1137
1138
1141
1143
2679
2683
2778
1139
1140
1141
1142
1145
1147
1149
2505
2682
1133
1134
1136
1139
1140
1141
1145
1147
2505
1133
1134
1136
1138
1139
1140
1141
1142
1143
1145
1147
1149
2505
2682
2683
2968
1139
1141
1142
1143
1147
1149
2682
2683
2968
1133
1136
1138
1141
1142
1143
2682
2683
2968
1144
1145
1146
1148
1152
1153
1154
2504
2597
1139
1140
1141
1144
1145
1146
1147
1152
1153
2504
2505
2594
1144
1145
1146
1147
1148
1149
1152
1153
1154
2504
2505
2594
2597
2598
2682
2964
1139
1140
1141
1142
1145
1146
1147
1149
2504
2505
2594
2598
2682
1144
1146
1148
1149
1153
1154
2597
2598
2964
1139
1141
1142
1146
1147
1148
1149
2594
2597
2598
2682
2964
1150
1151
1153
1154
1156
1158
1160
2501
2597
1150
1151
1152
1153
1156
1158
2499
2501
2504
1144
1145
1146
1151
1152
1153
2499
2501
2504
1144
1145
1146
1148
1150
1151
1152
1153
1154
1156
1158
1160
2499
2501
2504
2597
1144
1146
1148
1150
1153
1154
1158
1160
2597
1155
1157
1159
1161
1163
1164
1165
2510
2877
1150
1151
1153
1156
1157
1158
1159
2500
2501
2502
2510
2596
1155
1156
1157
1159
1163
1164
2500
2502
2510
1150
1151
1153
1154
1156
1158
1159
1160
2501
2502
2596
2597
2876
1155
1156
1157
1158
1159
1160
1161
1163
1164
1165
2500
2501
2502
2510
2596
2597
2876
2877
2965
1150
1153
1154
1158
1159
1160
1161
2596
2597
2876
2877
2965
1155
1159
1160
1161
1164
1165
2876
2877
2965
1162
1163
1164
1165
1167
1170
1171
2510
2877
1155
1157
1159
1162
1163
1164
1167
1170
2510
1155
1157
1159
1161
1162
1163
1164
1165
1167
1170
1171
2510
2877
1155
1159
1161
1162
1164
1165
1170
1171
2877
1166
1168
1169
1171
1173
1174
1175
2512
2611
1162
1163
1164
1167
1168
1169
1170
2508
2509
2510
2512
2610
1166
1167
1168
1169
1173
1174
2508
2509
2512
1166
1167
1168
1169
1170
1171
1173
1174
1175
2508
2509
2510
2512
2610
2611
2877
1162
1163
1164
1165
1167
1169
1170
1171
2509
2510
2610
2611
2877
1162
1164
1165
1166
1169
1170
1171
1174
1175
2610
2611
2877
1172
1173
1174
1176
1178
1180
1182
2512
2612
1166
1168
1169
1172
1173
1174
1178
1180
2512
1166
1168
1169
1171
1172
1173
1174
1175
1176
1178
1180
1182
2512
2611
2612
2972
1166
1169
1171
1174
1175
1176
2611
2612
2972
1172
1174
1175
1176
1180
1182
2611
2612
2972
1177
1179
1181
1182
1184
1186
1187
2519
2701
1172
1173
1174
1178
1179
1180
1181
2511
2512
2513
2519
2608
1177
1178
1179
1181
1184
1186
2511
2513
2519
1172
1173
1174
1176
1178
1180
1181
1182
2512
2513
2608
2612
2701
1177
1178
1179
1180
1181
1182
1184
1186
1187
2511
2512
2513
2519
2608
2612
2701
1172
1174
1176
1177
1180
1181
1182
1186
1187
2608
2612
2701
1183
1184
1185
1188
1190
1191
1192
2518
2632
1177
1179
1181
1183
1184
1185
1186
1190
1191
2518
2519
2628
1183
1184
1185
1186
1188
1190
1191
1192
2518
2519
2628
2632
2702
1177
1179
1181
1182
1184
1185
1186
1187
1188
2518
2519
2628
2632
2701
2702
2974
1177
1181
1182
1186
1187
1188
2701
2702
2974
1183
1185
1186
1187
1188
1191
1192
2628
2632
2701
2702
2974
1189
1190
1191
1192
1194
1196
1198
2518
2632
1183
1184
1185
1189
1190
1191
1194
1196
2518
1183
1184
1185
1188
1189
1190
1191
1192
1194
1196
1198
2518
2632
1183
1185
1188
1189
1191
1192
1196
1198
2632
1193
1195
1197
1199
1201
1202
1203
2521
2715
1189
1190
1191
1194
1195
1196
2517
2518
2520
1193
1194
1195
1196
1197
1201
1202
2517
2518
2520
2521
2629
1189
1190
1191
1192
1194
1195
1196
1197
1198
1199
2517
2518
2520
2521
2629
2632
2633
2715
2981
1193
1195
1196
1197
1199
1201
1202
1203
2520
2521
2629
2633
2715
1189
1191
1192
1196
1198
1199
2632
2633
2981
1193
1196
1197
1198
1199
1202
1203
2629
2632
2633
2715
2981
1200
1201
1202
1203
1206
1207
1209
2521
2715
1193
1195
1197
1200
1201
1202
1206
1207
2521
1193
1195
1197
1199
1200
1201
1202
1203
1206
1207
1209
2521
2715
1193
1197
1199
1200
1202
1203
1207
1209
2715
1204
1205
1207
1208
1212
1213
1216
2515
2714
1204
1205
1206
1207
1212
1213
2514
2515
2521
1200
1201
1202
1205
1206
1207
2514
2515
2521
1200
1201
1202
1203
1204
1205
1206
1207
1208
1209
1212
1213
1216
2514
2515
2521
2714
2715
2977
1204
1207
1208
1209
1213
1216
2714
2715
2977
1200
1202
1203
1207
1208
1209
2714
2715
2977
1210
1211
1214
1215
1217
1219
1221
2497
2865
1210
1211
1212
1214
1217
1219
2491
2497
2516
1204
1205
1207
1211
1212
1213
1214
2491
2497
2515
2516
2712
1204
1205
1207
1208
1212
1213
1214
1216
2515
2516
2712
2714
2866
1210
1211
1212
1213
1214
1215
1216
1217
1219
1221
2491
2497
2515
2516
2712
2714
2865
2866
2956
1210
1214
1215
1216
1219
1221
2865
2866
2956
1204
1207
1208
1213
1214
1215
1216
2712
2714
2865
2866
2956
1210
1211
1214
1217
1218
1219
1220
2493
2497
2498
2525
2864
107
110
112
1217
1218
1220
2493
2498
2525
1210
1211
1214
1215
1217
1219
1220
1221
2497
2498
2864
2865
2908
107
110
112
113
1217
1218
1219
1220
1221
1222
2493
2497
2498
2525
2864
2865
2908
2909
2957
1210
1214
1215
1219
1220
1221
1222
2864
2865
2908
2909
2957
107
112
113
1220
1221
1222
2908
2909
2957
1223
1224
1226
1228
1231
1234
1235
2538
2867
1223
1224
1225
1226
1227
1231
1234
2537
2538
2539
2550
2864
108
111
112
1224
1225
1227
2537
2539
2550
1223
1224
1226
1227
1228
1229
1231
1234
1235
2538
2539
2864
2867
2869
2910
2999
108
111
112
114
1224
1225
1226
1227
1229
2537
2538
2539
2550
2864
2869
2910
1223
1226
1228
1229
1234
1235
2867
2869
2999
108
112
114
1226
1227
1228
1229
2864
2867
2869
2910
2999
1230
1232
1233
1236
1238
1240
1242
2547
2677
1223
1224
1226
1231
1232
1234
2535
2538
2548
1230
1231
1232
1233
1234
1238
1240
2535
2538
2547
2548
2675
1230
1232
1233
1234
1236
1238
1240
1242
2547
2548
2675
2677
2868
1223
1224
1226
1228
1231
1232
1233
1234
1235
1236
2535
2538
2547
2548
2675
2677
2867
2868
2998
1223
1226
1228
1234
1235
1236
2867
2868
2998
1230
1233
1234
1235
1236
1240
1242
2675
2677
2867
2868
2998
1237
1238
1239
1241
1245
1246
1247
2546
2617
1230
1232
1233
1237
1238
1239
1240
1245
1246
2546
2547
2614
1237
1238
1239
1240
1241
1242
1245
1246
1247
2546
2547
2614
2617
2618
2677
3004
1230
1232
1233
1236
1238
1239
1240
1242
2546
2547
2614
2618
2677
1237
1239
1241
1242
1246
1247
2617
2618
3004
1230
1233
1236
1239
1240
1241
1242
2614
2617
2618
2677
3004
1243
1244
1246
1247
1249
1251
1253
2542
2617
1243
1244
1245
1246
1249
1251
2541
2542
2546
1237
1238
1239
1244
1245
1246
2541
2542
2546
1237
1238
1239
1241
1243
1244
1245
1246
1247
1249
1251
1253
2541
2542
2546
2617
1237
1239
1241
1243
1246
1247
1251
1253
2617
1248
1250
1252
1253
1255
1256
1257
2545
2916
1243
1244
1246
1249
1250
1251
1252
2540
2542
2543
2545
2616
1248
1249
1250
1252
1255
1256
2540
2543
2545
1243
1244
1246
1247
1249
1251
1252
1253
2542
2543
2616
2617
2916
1248
1249
1250
1251
1252
1253
1255
1256
1257
2540
2542
2543
2545
2616
2617
2916
1243
1246
1247
1248
1251
1252
1253
1256
1257
2616
2617
2916
1254
1255
1256
1258
1260
1262
1263
2545
2917
1248
1250
1252
1254
1255
1256
1260
1262
2545
1248
1250
1252
1253
1254
1255
1256
1257
1258
1260
1262
1263
2545
2916
2917
3003
1248
1252
1253
1256
1257
1258
2916
2917
3003
1254
1256
1257
1258
1262
1263
2916
2917
3003
1259
1260
1261
1263
1266
1267
1269
2544
2665
1254
1255
1256
1259
1260
1261
1262
1266
1267
2544
2545
2663
1259
1260
1261
1262
1263
1266
1267
1269
2544
2545
2663
2665
2917
1254
1255
1256
1258
1260
1261
1262
1263
2544
2545
2663
2665
2917
1254
1256
1258
1259
1261
1262
1263
1267
1269
2663
2665
2917
1264
1265
1267
1268
1270
1272
1274
2532
2664
1264
1265
1266
1267
1270
1272
2527
2532
2544
1259
1260
1261
1265
1266
1267
2527
2532
2544
1259
1260
1261
1263
1264
1265
1266
1267
1268
1269
1270
1272
1274
2527
2532
2544
2664
2665
2990
1264
1267
1268
1269
1272
1274
2664
2665
2990
1259
1261
1263
1267
1268
1269
2664
2665
2990
1264
1265
1267
1270
1271
1272
1273
2529
2532
2534
2554
2662
116
119
121
1270
1271
1273
2529
2534
2554
1264
1265
1267
1268
1270
1272
1273
1274
2532
2534
2662
2664
2900
116
119
121
122
1270
1271
1272
1273
1274
1275
2529
2532
2534
2554
2662
2664
2900
2901
2991
1264
1267
1268
1272
1273
1274
1275
2662
2664
2900
2901
2991
116
121
122
1273
1274
1275
2900
2901
2991
1276
1277
1279
1281
1284
1286
1287
2558
2782
1276
1277
1278
1279
1280
1284
1286
2557
2558
2559
2593
2780
117
120
121
1277
1278
1280
2557
2559
2593
1276
1277
1279
1280
1281
1284
1286
1287
2558
2559
2780
2782
2902
117
120
121
123
1277
1278
1279
1280
1281
1282
2557
2558
2559
2593
2780
2782
2902
2903
3017
1276
1279
1280
1281
1282
1286
1287
2780
2782
2902
2903
3017
117
121
123
1280
1281
1282
2902
2903
3017
1283
1285
1286
1288
1290
1292
1293
2575
2783
1276
1277
1279
1284
1285
1286
2555
2558
2575
1283
1284
1285
1286
1290
1292
2555
2558
2575
1276
1277
1279
1281
1283
1284
1285
1286
1287
1288
1290
1292
1293
2555
2558
2575
2782
2783
3016
1276
1279
1281
1286
1287
1288
2782
2783
3016
1283
1286
1287
1288
1292
1293
2782
2783
3016
1289
1290
1291
1293
1296
1297
1298
2574
2695
1283
1285
1286
1289
1290
1291
1292
1296
1297
2574
2575
2693
1289
1290
1291
1292
1293
1296
1297
1298
2574
2575
2693
2695
2783
1283
1285
1286
1288
1290
1291
1292
1293
2574
2575
2693
2695
2783
1283
1286
1288
1289
1291
1292
1293
1297
1298
2693
2695
2783
1294
1295
1297
1298
1300
1302
1304
2568
2695
1294
1295
1296
1297
1300
1302
2566
2568
2574
1289
1290
1291
1295
1296
1297
2566
2568
2574
1289
1290
1291
1293
1294
1295
1296
1297
1298
1300
1302
1304
2566
2568
2574
2695
1289
1291
1293
1294
1297
1298
1302
1304
2695
1299
1300
1301
1303
1306
1307
1308
2567
2605
1294
1295
1297
1299
1300
1301
1302
1306
1307
2567
2568
2602
1299
1300
1301
1302
1303
1306
1307
1308
2567
2568
2602
2605
2694
1294
1295
1297
1298
1300
1301
1302
1303
1304
2567
2568
2602
2605
2694
2695
3027
1299
1301
1302
1303
1304
1307
1308
2602
2605
2694
2695
3027
1294
1297
1298
1302
1303
1304
2694
2695
3027
1305
1306
1307
1309
1311
1313
1314
2567
2606
1299
1300
1301
1305
1306
1307
1311
1313
2567
1299
1300
1301
1303
1305
1306
1307
1308
1309
1311
1313
1314
2567
2605
2606
3026
1299
1301
1303
1307
1308
1309
2605
2606
3026
1305
1307
1308
1309
1313
1314
2605
2606
3026
1310
1312
1313
1314
1316
1317
1319
2571
2606
1305
1306
1307
1311
1312
1313
2565
2567
2571
1310
1311
1312
1313
1316
1317
2565
2567
2571
1305
1306
1307
1309
1310
1311
1312
1313
1314
1316
1317
1319
2565
2567
2571
2606
1305
1307
1309
1310
1313
1314
1317
1319
2606
1315
1316
1318
1319
1321
1324
1325
2572
2688
1310
1312
1313
1315
1316
1317
1318
1321
1324
2571
2572
2601
1310
1312
1313
1314
1316
1317
1318
1319
2571
2572
2601
2606
2688
1315
1316
1317
1318
1319
1321
1324
1325
2571
2572
2601
2606
2688
1310
1313
1314
1315
1317
1318
1319
1324
1325
2601
2606
2688
1320
1322
1323
1326
1328
1330
1331
2577
2646
1315
1316
1318
1321
1322
1324
2570
2572
2578
1320
1321
1322
1323
1324
1328
1330
2570
2572
2577
2578
2642
1320
1322
1323
1324
1326
1328
1330
1331
2577
2578
2642
2646
2689
1315
1316
1318
1319
1321
1322
1323
1324
1325
1326
2570
2572
2577
2578
2642
2646
2688
2689
3030
1315
1318
1319
1324
1325
1326
2688
2689
3030
1320
1323
1324
1325
1326
1330
1331
2642
2646
2688
2689
3030
1327
1329
1330
1332
1334
1335
1336
2590
2647
1320
1322
1323
1328
1329
1330
2576
2577
2590
1327
1328
1329
1330
1334
1335
2576
2577
2590
1320
1322
1323
1326
1327
1328
1329
1330
1331
1332
1334
1335
1336
2576
2577
2590
2646
2647
3035
1320
1323
1326
1330
1331
1332
2646
2647
3035
1327
1330
1331
1332
1335
1336
2646
2647
3035
1333
1334
1335
1336
1339
1341
1344
2590
2647
1327
1329
1330
1333
1334
1335
1339
1341
2590
1327
1329
1330
1332
1333
1334
1335
1336
1339
1341
1344
2590
2647
1327
1330
1332
1333
1335
1336
1341
1344
2647
1337
1338
1340
1343
1346
1348
1349
2585
2639
1337
1338
1339
1340
1342
1346
1348
2584
2585
2586
2591
2637
1333
1334
1335
1338
1339
1341
1342
2584
2586
2590
2591
2644
1337
1338
1340
1342
1343
1346
1348
1349
2585
2586
2637
2639
2804
1333
1334
1335
1336
1339
1341
1342
1344
2590
2591
2644
2647
2805
1338
1339
1340
1341
1342
1343
1344
2584
2585
2586
2590
2591
2637
2639
2644
2647
2804
2805
3043
1337
1340
1342
1343
1344
1348
1349
2637
2639
2804
2805
3043
1333
1335
1336
1341
1342
1343
1344
2644
2647
2804
2805
3043
1345
1347
1348
1349
1351
1352
1354
2587
2639
1337
1338
1340
1346
1347
1348
2583
2585
2587
1345
1346
1347
1348
1351
1352
2583
2585
2587
1337
1338
1340
1343
1345
1346
1347
1348
1349
1351
1352
1354
2583
2585
2587
2639
1337
1340
1343
1345
1348
1349
1352
1354
2639
1350
1351
1353
1355
1357
1358
1359
2588
2709
1345
1347
1348
1350
1351
1352
1353
1357
1358
2587
2588
2636
1345
1347
1348
1349
1351
1352
1353
1354
1355
2587
2588
2636
2639
2640
2709
3042
1350
1351
1352
1353
1355
1357
1358
1359
2587
2588
2636
2640
2709
1345
1348
1349
1352
1354
1355
2639
2640
3042
1350
1352
1353
1354
1355
1358
1359
2636
2639
2640
2709
3042
1356
1357
1358
1359
1362
1363
1365
2588
2709
1350
1351
1353
1356
1357
1358
1362
1363
2588
1350
1351
1353
1355
1356
1357
1358
1359
1362
1363
1365
2588
2709
1350
1353
1355
1356
1358
1359
1363
1365
2709
1360
1361
1363
1364
1368
1369
1372
2580
2708
1360
1361
1362
1363
1368
1369
2579
2580
2588
1356
1357
1358
1361
1362
1363
2579
2580
2588
1356
1357
1358
1359
1360
1361
1362
1363
1364
1365
1368
1369
1372
2579
2580
2588
2708
2709
3038
1360
1363
1364
1365
1369
1372
2708
2709
3038
1356
1358
1359
1363
1364
1365
2708
2709
3038
1366
1367
1370
1371
1373
1375
1377
2563
2873
1366
1367
1368
1370
1373
1375
2560
2563
2582
1360
1361
1363
1367
1368
1369
1370
2560
2563
2580
2582
2707
1360
1361
1363
1364
1368
1369
1370
1372
2580
2582
2707
2708
2874
1366
1367
1368
1369
1370
1371
1372
1373
1375
1377
2560
2563
2580
2582
2707
2708
2873
2874
3021
1366
1370
1371
1372
1375
1377
2873
2874
3021
1360
1363
1364
1369
1370
1371
1372
2707
2708
2873
2874
3021
1366
1367
1370
1373
1374
1375
1376
2562
2563
2564
2592
2871
90
93
94
1373
1374
1376
2562
2564
2592
1366
1367
1370
1371
1373
1375
1376
1377
2563
2564
2871
2873
2906
90
93
94
96
1373
1374
1375
1376
1377
1378
2562
2563
2564
2592
2871
2873
2906
2907
3022
1366
1370
1371
1375
1376
1377
1378
2871
2873
2906
2907
3022
90
94
96
1376
1377
1378
2906
2907
3022
1379
1380
1382
1384
1386
2923
1379
1380
1381
1382
1384
1386
2921
2923
2946
91
95
96
1380
1381
1382
1383
2921
2923
2946
2947
3022
1379
1380
1381
1382
1383
1384
1386
2921
2923
2946
2947
3022
91
95
96
1381
1382
1383
2946
2947
3022
1379
1380
1382
1384
1385
1386
2922
2923
2948
124
127
128
1384
1385
1386
1387
2922
2923
2948
2949
3023
1379
1380
1382
1384
1385
1386
1387
2922
2923
2948
2949
3023
124
127
128
1385
1386
1387
2948
2949
3023
1388
1389
1391
1393
1395
2929
1388
1389
1390
1391
1393
1395
2927
2929
2941
100
104
105
1389
1390
1391
1392
2927
2929
2941
2942
2952
1388
1389
1390
1391
1392
1393
1395
2927
2929
2941
2942
2952
100
104
105
1390
1391
1392
2941
2942
2952
1388
1389
1391
1393
1394
1395
2928
2929
2943
130
133
134
1393
1394
1395
1396
2928
2929
2943
2944
2953
1388
1389
1391
1393
1394
1395
1396
2928
2929
2943
2944
2953
130
133
134
1394
1395
1396
2943
2944
2953
1397
1398
1400
1402
1404
2959
1397
1398
1399
1400
1401
1402
1404
2957
2959
2960
2986
2999
109
113
114
1398
1399
1401
2957
2960
2986
1397
1398
1400
1401
1402
1404
2959
2960
2999
109
113
114
1398
1399
1400
1401
2957
2959
2960
2986
2999
1397
1398
1400
1402
1403
1404
1405
2958
2959
2961
2987
3000
136
139
140
1402
1403
1405
2958
2961
2987
1397
1398
1400
1402
1404
1405
2959
2961
3000
136
139
140
1402
1403
1404
1405
2958
2959
2961
2987
3000
1406
1407
1409
1411
1413
2993
1406
1407
1408
1409
1411
1413
2991
2993
3012
118
122
123
1407
1408
1409
1410
2991
2993
3012
3013
3017
1406
1407
1408
1409
1410
1411
1413
2991
2993
3012
3013
3017
118
122
123
1408
1409
1410
3012
3013
3017
1406
1407
1409
1411
1412
1413
1414
2992
2993
2994
3014
3018
142
145
146
1411
1412
1414
2992
2994
3014
1406
1407
1409
1411
1413
1414
2993
2994
3018
142
145
146
1411
1412
1413
1414
2992
2993
2994
3014
3018
1415
1416
1418
1421
1423
2924
1415
1416
1417
1418
1419
1421
1423
2922
2924
2925
2950
3077
125
127
129
1416
1417
1419
2922
2925
2950
1415
1416
1418
1419
1421
1423
2924
2925
3077
125
127
129
1416
1417
1418
1419
2922
2924
2925
2950
3077
1420
1422
1423
1425
1426
2935
1415
1416
1418
1421
1422
1423
2920
2924
2935
1420
1421
1422
1423
1425
1426
2920
2924
2935
1415
1416
1418
1420
1421
1422
1423
1425
1426
2920
2924
2935
1424
1425
1426
1428
1431
2935
1420
1422
1423
1424
1425
1426
1428
1431
2935
1420
1422
1423
1424
1425
1426
1428
1431
2935
1427
1429
1430
1433
1435
2937
1424
1425
1426
1428
1429
1430
1431
2933
2934
2935
2937
3066
1427
1428
1429
1430
1433
1435
2933
2934
2937
1427
1428
1429
1430
1431
1433
1435
2933
2934
2935
2937
3066
1424
1425
1426
1428
1430
1431
2934
2935
3066
1432
1434
1435
1437
1438
2938
1427
1429
1430
1433
1434
1435
2936
2937
2938
1432
1433
1434
1435
1437
1438
2936
2937
2938
1427
1429
1430
1432
1433
1434
1435
1437
1438
2936
2937
2938
1436
1437
1439
1441
1442
2939
1432
1434
1435
1436
1437
1438
1439
1441
1442
2938
2939
3065
1432
1434
1435
1437
1438
1439
2938
2939
3065
1436
1437
1438
1439
1441
1442
2938
2939
3065
1440
1441
1442
1445
1446
2939
1436
1437
1439
1440
1441
1442
1445
1446
2939
1436
1437
1439
1440
1441
1442
1445
1446
2939
1443
1444
1446
1447
1449
2930
1443
1444
1445
1446
1447
1449
2926
2930
2939
1440
1441
1442
1444
1445
1446
2926
2930
2939
1440
1441
1442
1443
1444
1445
1446
1447
1449
2926
2930
2939
1443
1444
1446
1447
1448
1449
1450
2928
2930
2932
2945
3071
131
133
135
1447
1448
1450
2928
2932
2945
1443
1444
1446
1447
1449
1450
2930
2932
3071
131
133
135
1447
1448
1449
1450
2928
2930
2932
2945
3071
1451
1452
1454
1456
1459
2955
1451
1452
1453
1454
1456
1459
2953
2955
2989
132
134
135
1452
1453
1454
2953
2955
2989
132
134
135
1451
1452
1453
1454
1456
1459
2953
2955
2989
1455
1457
1458
1462
1464
2971
1451
1452
1454
1456
1457
1458
1459
2951
2954
2955
2971
3116
1455
1456
1457
1458
1462
1464
2951
2954
2971
1455
1456
1457
1458
1459
1462
1464
2951
2954
2955
2971
3116
1451
1452
1454
1456
1458
1459
2954
2955
3116
1460
1461
1463
1466
1467
2969
1460
1461
1462
1463
1464
1466
1467
2968
2969
2970
2971
3091
1455
1457
1458
1461
1462
1464
2968
2970
2971
1460
1461
1463
1464
1466
1467
2969
2970
3091
1455
1457
1458
1461
1462
1463
1464
2968
2969
2970
2971
3091
1465
1466
1467
1470
1472
2969
1460
1461
1463
1465
1466
1467
1470
1472
2969
1460
1461
1463
1465
1466
1467
1470
1472
2969
1468
1469
1471
1474
1475
2966
1468
1469
1470
1471
1472
1474
1475
2964
2966
2967
2969
3052
1465
1466
1467
1469
1470
1472
2964
2967
2969
1468
1469
1471
1472
1474
1475
2966
2967
3052
1465
1466
1467
1469
1470
1471
1472
2964
2966
2967
2969
3052
1473
1474
1475
1477
1478
2966
1468
1469
1471
1473
1474
1475
1477
1478
2966
1468
1469
1471
1473
1474
1475
1477
1478
2966
1476
1477
1478
1481
1483
2966
1473
1474
1475
1476
1477
1478
1481
1483
2966
1473
1474
1475
1476
1477
1478
1481
1483
2966
1479
1482
1484
1486
1488
2973
1480
1481
1482
1483
1484
2876
2877
2878
2879
2965
2966
2973
3051
1476
1477
1478
1480
1481
1482
1483
2876
2877
2878
2965
2966
1479
1480
1481
1482
1484
1486
1488
2876
2877
2879
2965
2973
1476
1477
1478
1480
1481
1483
1484
2876
2878
2879
2966
3051
1479
1480
1482
1483
1484
1486
1488
2877
2878
2879
2973
3051
1485
1487
1488
1490
1491
2975
1479
1482
1484
1486
1487
1488
2972
2973
2975
1485
1486
1487
1488
1490
1491
2972
2973
2975
1479
1482
1484
1485
1486
1487
1488
1490
1491
2972
2973
2975
1489
1490
1491
1493
1495
2975
1485
1487
1488
1489
1490
1491
1493
1495
2975
1485
1487
1488
1489
1490
1491
1493
1495
2975
1492
1494
1496
1498
1500
2983
1489
1490
1491
1493
1494
1495
1496
2974
2975
2976
2983
3058
1492
1493
1494
1496
1498
1500
2974
2976
2983
1489
1490
1491
1493
1495
1496
2975
2976
3058
1492
1493
1494
1495
1496
1498
1500
2974
2975
2976
2983
3058
1497
1498
1499
1502
1503
2982
1492
1494
1496
1497
1498
1499
1500
1502
1503
2982
2983
3081
1497
1498
1499
1500
1502
1503
2982
2983
3081
1492
1494
1496
1498
1499
1500
2982
2983
3081
1501
1502
1503
1505
1507
2982
1497
1498
1499
1501
1502
1503
1505
1507
2982
1497
1498
1499
1501
1502
1503
1505
1507
2982
1504
1506
1508
1510
1511
2985
1501
1502
1503
1505
1506
1507
2981
2982
2984
1504
1505
1506
1507
1508
1510
1511
2981
2982
2984
2985
3082
1501
1502
1503
1505
1506
1507
1508
2981
2982
2984
2985
3082
1504
1506
1507
1508
1510
1511
2984
2985
3082
1509
1510
1511
1514
1515
2985
1504
1506
1508
1509
1510
1511
1514
1515
2985
1504
1506
1508
1509
1510
1511
1514
1515
2985
1512
1513
1515
1518
1520
2979
1512
1513
1514
1515
1518
1520
2977
2979
2985
1509
1510
1511
1513
1514
1515
2977
2979
2985
1509
1510
1511
1512
1513
1514
1515
1518
1520
2977
2979
2985
1516
1517
1521
1522
1524
2963
1516
1517
1518
1521
1522
1524
2956
2963
2980
1512
1513
1515
1517
1518
1519
1520
1521
2956
2963
2978
2979
2980
3078
3080
1518
1519
1520
1521
2978
2979
2980
3078
3080
1512
1513
1515
1518
1519
1520
2978
2979
3078
1516
1517
1518
1519
1521
1522
1524
2956
2963
2978
2980
3080
1516
1517
1521
1522
1523
1524
2958
2963
2988
137
139
141
1522
1523
1524
2958
2963
2988
137
139
141
1516
1517
1521
1522
1523
1524
2958
2963
2988
1525
1526
1528
1531
1533
3001
1525
1526
1527
1528
1529
1531
1533
3000
3001
3002
3011
3080
138
140
141
1526
1527
1529
3000
3002
3011
1525
1526
1528
1529
1531
1533
3001
3002
3080
138
140
141
1526
1527
1528
1529
3000
3001
3002
3011
3080
1530
1532
1533
1535
1537
3010
1525
1526
1528
1531
1532
1533
2998
3001
3010
1530
1531
1532
1533
1535
1537
2998
3001
3010
1525
1526
1528
1530
1531
1532
1533
1535
1537
2998
3001
3010
1534
1535
1536
1540
1541
3009
1530
1532
1533
1534
1535
1536
1537
1540
1541
3009
3010
3062
1534
1535
1536
1537
1540
1541
3009
3010
3062
1530
1532
1533
1535
1536
1537
3009
3010
3062
1538
1539
1541
1543
1545
3005
1538
1539
1540
1541
1543
1545
3004
3005
3009
1534
1535
1536
1539
1540
1541
3004
3005
3009
1534
1535
1536
1538
1539
1540
1541
1543
1545
3004
3005
3009
1542
1544
1545
1547
1548
3006
1538
1539
1541
1543
1544
1545
3003
3005
3006
1542
1543
1544
1545
1547
1548
3003
3005
3006
1538
1539
1541
1542
1543
1544
1545
1547
1548
3003
3005
3006
1546
1547
1549
1551
1552
3007
1542
1544
1545
1546
1547
1548
1549
1551
1552
3006
3007
3061
1542
1544
1545
1547
1548
1549
3006
3007
3061
1546
1547
1548
1549
1551
1552
3006
3007
3061
1550
1551
1552
1555
1556
3007
1546
1547
1549
1550
1551
1552
1555
1556
3007
1546
1547
1549
1550
1551
1552
1555
1556
3007
1553
1554
1556
1557
1559
2995
1553
1554
1555
1556
1557
1559
2990
2995
3007
1550
1551
1552
1554
1555
1556
2990
2995
3007
1550
1551
1552
1553
1554
1555
1556
1557
1559
2990
2995
3007
1553
1554
1556
1557
1558
1559
1560
2992
2995
2997
3015
3074
143
145
147
1557
1558
1560
2992
2997
3015
1553
1554
1556
1557
1559
1560
2995
2997
3074
143
145
147
1557
1558
1559
1560
2992
2995
2997
3015
3074
1561
1562
1564
1566
1569
3020
1561
1562
1563
1564
1566
1569
3018
3020
3050
144
146
147
1562
1563
1564
3018
3020
3050
144
146
147
1561
1562
1563
1564
1566
1569
3018
3020
3050
1565
1567
1568
1571
1573
3034
1561
1562
1564
1566
1567
1568
1569
3016
3019
3020
3034
3118
1565
1566
1567
1568
1571
1573
3016
3019
3034
1565
1566
1567
1568
1569
1571
1573
3016
3019
3020
3034
3118
1561
1562
1564
1566
1568
1569
3019
3020
3118
1570
1571
1572
1576
1577
3033
1565
1567
1568
1570
1571
1572
1573
1576
1577
3033
3034
3097
1570
1571
1572
1573
1576
1577
3033
3034
3097
1565
1567
1568
1571
1572
1573
3033
3034
3097
1574
1575
1577
1579
1581
3029
1574
1575
1576
1577
1579
1581
3027
3029
3033
1570
1571
1572
1575
1576
1577
3027
3029
3033
1570
1571
1572
1574
1575
1576
1577
1579
1581
3027
3029
3033
1578
1579
1580
1583
1584
3028
1574
1575
1577
1578
1579
1580
1581
1583
1584
3028
3029
3056
1578
1579
1580
1581
1583
1584
3028
3029
3056
1574
1575
1577
1579
1580
1581
3028
3029
3056
1582
1583
1584
1586
1588
3028
1578
1579
1580
1582
1583
1584
1586
1588
3028
1578
1579
1580
1582
1583
1584
1586
1588
3028
1585
1587
1588
1590
1591
3031
1582
1583
1584
1586
1587
1588
3026
3028
3031
1585
1586
1587
1588
1590
1591
3026
3028
3031
1582
1583
1584
1585
1586
1587
1588
1590
1591
3026
3028
3031
1589
1590
1592
1594
1597
3032
1585
1587
1588
1589
1590
1591
1592
1594
1597
3031
3032
3055
1585
1587
1588
1590
1591
1592
3031
3032
3055
1589
1590
1591
1592
1594
1597
3031
3032
3055
1593
1595
1596
1599
1601
3036
1589
1590
1592
1594
1595
1597
3030
3032
3037
1593
1594
1595
1596
1597
1599
1601
3030
3032
3036
3037
3089
1593
1595
1596
1597
1599
1601
3036
3037
3089
1589
1590
1592
1594
1595
1596
1597
3030
3032
3036
3037
3089
1598
1600
1601
1603
1604
3048
1593
1595
1596
1599
1600
1601
3035
3036
3048
1598
1599
1600
1601
1603
1604
3035
3036
3048
1593
1595
1596
1598
1599
1600
1601
1603
1604
3035
3036
3048
1602
1603
1604
1607
1609
3048
1598
1600
1601
1602
1603
1604
1607
1609
3048
1598
1600
1601
1602
1603
1604
1607
1609
3048
1605
1606
1608
1611
1613
3044
1605
1606
1607
1608
1611
1613
3043
3044
3047
1602
1603
1604
1606
1607
1608
1609
3043
3044
3047
3048
3085
1605
1606
1607
1608
1609
1611
1613
3043
3044
3047
3048
3085
1602
1603
1604
1607
1608
1609
3047
3048
3085
1610
1612
1613
1615
1616
3045
1605
1606
1608
1611
1612
1613
3042
3044
3045
1610
1611
1612
1613
1615
1616
3042
3044
3045
1605
1606
1608
1610
1611
1612
1613
1615
1616
3042
3044
3045
1614
1615
1617
1619
1620
3046
1610
1612
1613
1614
1615
1616
1617
1619
1620
3045
3046
3086
1610
1612
1613
1615
1616
1617
3045
3046
3086
1614
1615
1616
1617
1619
1620
3045
3046
3086
1618
1619
1620
1623
1624
3046
1614
1615
1617
1618
1619
1620
1623
1624
3046
1614
1615
1617
1618
1619
1620
1623
1624
3046
1621
1622
1624
1627
1629
3040
1621
1622
1623
1624
1627
1629
3038
3040
3046
1618
1619
1620
1622
1623
1624
3038
3040
3046
1618
1619
1620
1621
1622
1623
1624
1627
1629
3038
3040
3046
1625
1626
1630
1631
1633
3025
1625
1626
1627
1630
1631
1633
3021
3025
3041
1621
1622
1624
1626
1627
1628
1629
1630
3021
3025
3039
3040
3041
3075
3077
1627
1628
1629
1630
3039
3040
3041
3075
3077
1621
1622
1624
1627
1628
1629
3039
3040
3075
1625
1626
1627
1628
1630
1631
1633
3021
3025
3039
3041
3077
1625
1626
1630
1631
1632
1633
3023
3025
3049
126
128
129
1631
1632
1633
3023
3025
3049
126
128
129
1625
1626
1630
1631
1632
1633
3023
3025
3049
213
214
216
1634
1636
1639
1643
1652
1653
1658
1771
1881
202
203
205
1635
1636
1638
1640
1642
1724
1726
1727
1730
1770
1869
1915
1634
1635
1636
1642
1643
1652
1658
1724
1730
1770
1771
2162
201
202
204
205
206
207
208
209
210
211
213
215
216
1637
1638
1639
1640
1641
1864
1865
1866
1867
1869
1879
1912
202
203
204
205
1635
1637
1638
1640
1726
1727
1864
1866
1869
213
214
215
216
1634
1637
1639
1641
1643
1653
1658
1865
1867
1879
1881
1919
1635
1637
1638
1640
1641
1642
1726
1727
1730
1864
1866
1867
1869
1912
1915
1918
1637
1639
1640
1641
1642
1643
1865
1866
1867
1879
1881
1912
1915
1918
1919
2162
1635
1636
1640
1641
1642
1643
1724
1727
1730
1770
1771
1912
1915
1918
1919
2162
1634
1636
1639
1641
1642
1643
1652
1653
1658
1770
1771
1879
1881
1918
1919
2162
323
324
325
1644
1645
1647
1648
1649
1744
1746
1749
1755
1763
1969
2016
312
313
314
1644
1645
1646
1648
1649
1744
1755
1757
1759
1763
1967
2016
311
312
313
314
315
316
317
319
320
321
1645
1646
1647
1648
1757
1759
1965
1967
1969
318
319
320
321
323
324
325
1644
1646
1647
1648
1746
1749
1965
1967
1969
1644
1645
1646
1647
1648
1649
1746
1749
1755
1757
1759
1763
1965
1967
1969
2016
1644
1645
1648
1649
1744
1749
1755
1759
1763
2016
225
226
228
1650
1651
1654
1656
1657
1709
1712
1715
1716
1753
1911
2105
1650
1651
1652
1657
1658
1709
1716
1745
1753
1754
1771
2128
1634
1636
1643
1651
1652
1658
1745
1754
1771
212
213
214
216
217
218
219
221
222
223
1634
1639
1643
1653
1654
1655
1658
1878
1880
1881
1910
2033
220
221
222
223
225
226
228
1650
1653
1654
1655
1656
1712
1715
1878
1880
1910
1911
2031
1653
1654
1655
1656
1657
1658
1878
1880
1881
1910
1911
2031
2032
2033
2105
2128
1650
1654
1655
1656
1657
1712
1715
1716
1910
1911
2031
2032
2105
1650
1651
1655
1656
1657
1658
1709
1715
1716
1753
1754
2031
2032
2033
2105
2128
1634
1636
1639
1643
1651
1652
1653
1655
1657
1658
1745
1753
1754
1771
1880
1881
2032
2033
2128
278
279
280
1659
1662
1663
1677
1679
1794
266
267
268
1660
1661
1663
1664
1691
1695
1700
1742
1935
1660
1661
1662
1664
1691
1700
1734
1742
1800
1659
1661
1662
1663
1664
1677
1679
1734
1742
1794
1800
1935
265
266
267
268
271
272
273
274
275
276
278
279
280
1659
1660
1662
1663
1664
1677
1679
1695
1700
1794
1800
1935
1660
1661
1662
1663
1664
1691
1695
1700
1734
1742
1794
1800
1935
169
170
171
1665
1668
1669
1673
1675
1783
160
161
163
1666
1667
1670
1672
1682
1686
1690
1769
1855
1666
1667
1668
1671
1672
1682
1690
1765
1766
1769
1789
2046
1665
1667
1668
1669
1671
1673
1675
1765
1766
1783
1789
1833
164
165
166
167
169
170
171
1665
1668
1669
1670
1671
1673
1675
1783
1789
1832
1833
1853
159
160
161
163
165
166
167
1666
1669
1670
1671
1672
1686
1690
1832
1833
1853
1855
2046
1667
1668
1669
1670
1671
1672
1765
1766
1769
1783
1789
1832
1833
1853
1855
2046
1666
1667
1670
1671
1672
1682
1686
1690
1766
1769
1853
1855
2046
1665
1668
1669
1673
1674
1675
1676
1782
1783
1785
1803
1831
179
180
181
1673
1674
1676
1782
1785
1803
168
169
170
171
173
174
175
1665
1668
1669
1673
1675
1676
1783
1785
1831
172
173
174
175
176
177
178
179
180
181
1673
1674
1675
1676
1782
1783
1785
1803
1831
1659
1662
1663
1677
1678
1679
1680
1681
1793
1794
1796
1797
1807
1932
1955
289
290
291
1677
1678
1680
1793
1796
1807
278
279
280
281
1659
1662
1663
1677
1679
1681
1794
1797
1932
282
283
284
285
286
287
288
289
290
291
1677
1678
1680
1681
1793
1796
1797
1807
1955
277
279
280
281
283
284
285
1677
1679
1680
1681
1794
1796
1797
1932
1955
1666
1667
1672
1682
1683
1690
1764
1769
1781
1682
1683
1684
1687
1689
1690
1764
1769
1777
1778
1780
1781
1814
1986
2109
149
150
151
1683
1684
1685
1687
1777
1778
1812
1814
1823
148
149
150
151
153
154
155
156
157
158
161
162
163
1684
1685
1686
1687
1688
1812
1814
1821
1823
1824
1854
1985
160
161
162
163
1666
1670
1672
1685
1686
1688
1690
1821
1824
1854
1855
2057
1683
1684
1685
1687
1688
1689
1777
1778
1780
1812
1814
1823
1824
1985
1986
2056
1685
1686
1687
1688
1689
1690
1821
1823
1824
1854
1855
1985
1986
2056
2057
2109
1683
1687
1688
1689
1690
1778
1780
1781
1985
1986
2056
2057
2109
1666
1667
1670
1672
1682
1683
1686
1688
1689
1690
1764
1769
1780
1781
1854
1855
2056
2057
2109
1660
1661
1664
1691
1692
1693
1699
1700
1733
1735
1738
1742
1773
1891
2063
262
263
264
1691
1692
1693
1694
1697
1733
1735
1773
1774
1776
1888
1906
1691
1692
1693
1694
1696
1699
1733
1735
1738
1773
1774
1888
1890
1891
1905
1945
1692
1693
1694
1696
1697
1773
1774
1776
1888
1890
1905
1906
1942
266
267
268
269
1660
1663
1664
1695
1696
1698
1699
1700
1931
1933
1934
1935
1945
2039
2040
267
268
269
270
1693
1694
1695
1696
1697
1699
1888
1890
1891
1905
1906
1931
1934
1942
1945
261
262
263
264
267
269
270
1692
1694
1696
1697
1774
1776
1905
1906
1942
1695
1698
1699
1700
1933
1934
1935
2039
2040
2063
1691
1693
1695
1696
1698
1699
1700
1735
1738
1742
1890
1891
1931
1933
1934
1945
2039
2040
2063
1660
1661
1663
1664
1691
1695
1698
1699
1700
1738
1742
1933
1935
2039
2040
2063
340
341
342
1701
1703
1704
1707
1717
1719
1722
1768
1992
327
328
331
1702
1703
1705
1707
1745
1748
1752
1768
2005
1701
1702
1703
1707
1717
1722
1745
1752
1768
335
336
337
338
340
341
342
1701
1704
1705
1706
1707
1719
1722
1988
1990
1992
2003
2019
326
327
328
331
332
333
334
336
337
338
1702
1704
1705
1706
1707
1748
1752
1988
1990
2003
2005
2019
1704
1705
1706
1707
1988
1990
1992
2003
2005
2019
1701
1702
1703
1704
1705
1706
1707
1717
1719
1722
1745
1748
1752
1768
1990
1992
2003
2005
2019
236
237
239
1708
1709
1711
1713
1714
1716
1731
1736
1737
1739
1741
1753
1897
1920
2070
1650
1651
1657
1708
1709
1716
1731
1741
1753
224
226
227
228
229
230
231
232
233
234
236
238
239
1710
1711
1712
1713
1894
1895
1896
1897
1909
236
237
238
239
1708
1710
1711
1713
1736
1737
1894
1896
1897
225
226
227
228
1650
1654
1656
1710
1712
1713
1715
1895
1896
1909
1911
1921
1708
1710
1711
1712
1713
1714
1715
1736
1737
1739
1894
1895
1896
1897
1909
1911
1920
1921
2068
1708
1713
1714
1715
1716
1737
1739
1741
1920
1921
2068
2070
2105
1650
1654
1656
1657
1712
1713
1714
1715
1716
1909
1911
1920
1921
2068
2070
2105
1650
1651
1656
1657
1708
1709
1714
1715
1716
1731
1739
1741
1753
2068
2070
2105
1701
1703
1707
1717
1718
1721
1722
1723
1764
1767
1768
1769
1781
2078
2079
351
352
354
1717
1718
1720
1723
1764
1769
1779
1781
2009
339
340
341
342
343
344
345
347
348
349
1701
1704
1707
1719
1720
1721
1722
1989
1991
1992
2007
2078
346
347
348
349
351
352
354
1718
1719
1720
1721
1723
1779
1781
1989
1991
2007
2009
2079
1717
1719
1720
1721
1722
1723
1767
1768
1769
1989
1991
1992
2007
2009
2078
2079
1701
1703
1704
1707
1717
1719
1721
1722
1767
1768
1991
1992
2078
1717
1718
1720
1721
1723
1764
1767
1769
1779
1781
2007
2009
2079
1635
1636
1642
1724
1725
1730
1765
1770
1792
193
194
195
1724
1725
1726
1729
1730
1765
1770
1786
1791
1792
1871
2147
192
193
194
195
198
199
200
202
203
205
1635
1638
1640
1725
1726
1727
1728
1729
1786
1791
1869
1870
1871
1914
2089
1635
1638
1640
1642
1726
1727
1728
1730
1869
1870
1914
1915
2090
1726
1727
1728
1729
1730
1869
1870
1871
1914
1915
2089
2090
2147
1725
1726
1728
1729
1730
1786
1791
1792
1870
1871
2089
2090
2147
1635
1636
1640
1642
1724
1725
1727
1728
1729
1730
1765
1770
1791
1792
1914
1915
2089
2090
2147
1708
1709
1716
1731
1732
1741
1743
1744
1753
1755
1763
2129
1731
1732
1734
1742
1743
1744
1755
1756
1761
1763
1800
2135
244
245
246
1691
1692
1693
1733
1735
1773
1661
1662
1664
1732
1734
1742
1756
1761
1800
244
245
246
247
1691
1692
1693
1699
1733
1735
1736
1738
1740
1773
1887
1891
1892
1899
2062
235
236
237
239
240
241
242
244
246
247
1708
1711
1713
1735
1736
1737
1739
1740
1887
1892
1897
1898
1899
1920
2069
1708
1711
1713
1714
1736
1737
1739
1897
1898
1920
1691
1693
1699
1700
1735
1738
1740
1742
1891
1892
2062
2063
2113
1708
1713
1714
1716
1736
1737
1739
1740
1741
1742
1897
1898
1899
1920
2069
2070
2071
2113
2127
1735
1736
1738
1739
1740
1742
1887
1891
1892
1898
1899
2062
2063
2069
2071
2113
1708
1709
1714
1716
1731
1739
1741
1742
1743
1753
1755
2070
2071
2127
2129
2135
1660
1661
1662
1664
1691
1699
1700
1732
1734
1738
1739
1740
1741
1742
1743
1756
1761
1763
1800
2062
2063
2069
2070
2071
2113
2127
2129
2135
1731
1732
1741
1742
1743
1744
1753
1755
1761
1763
2127
2129
2135
1644
1645
1649
1731
1732
1743
1744
1755
1763
1651
1652
1658
1702
1703
1707
1745
1752
1754
1768
1771
2121
322
323
324
325
328
329
330
1644
1647
1648
1746
1747
1749
1751
1968
1969
1970
1980
2014
328
329
330
331
1746
1747
1748
1750
1751
1968
1970
1976
1979
1980
2004
2084
327
328
330
331
1702
1705
1707
1747
1748
1750
1752
1976
1979
2004
2005
2085
1644
1647
1648
1649
1746
1749
1751
1755
1969
1970
2014
2016
2095
1747
1748
1750
1751
1752
1976
1979
1980
2004
2005
2084
2085
2093
1746
1747
1749
1750
1751
1752
1753
1755
1968
1969
1970
1979
1980
2014
2016
2084
2085
2093
2094
2095
2118
2129
1702
1703
1705
1707
1745
1748
1750
1751
1752
1753
1754
1768
1771
2004
2005
2084
2085
2093
2094
2118
2121
2128
1650
1651
1657
1658
1708
1709
1716
1731
1741
1743
1751
1752
1753
1754
1755
2093
2094
2095
2118
2121
2128
2129
1651
1652
1657
1658
1745
1752
1753
1754
1768
1771
2118
2121
2128
1644
1645
1648
1649
1731
1732
1741
1743
1744
1749
1751
1753
1755
1763
2014
2016
2094
2095
2129
304
305
306
1732
1734
1742
1756
1758
1761
1762
1763
1799
1800
1801
1802
2012
2135
2154
307
308
309
310
312
313
314
1645
1646
1648
1757
1758
1759
1966
1967
2010
303
304
305
306
308
309
310
1756
1757
1758
1759
1760
1762
1799
1801
1966
1967
2010
2011
2012
2015
2101
1645
1646
1648
1649
1757
1758
1759
1760
1763
1966
1967
2010
2011
2015
2016
2102
1758
1759
1760
1762
1763
2010
2011
2012
2015
2016
2101
2102
2154
1732
1734
1742
1743
1756
1761
1763
1800
1802
2135
1756
1758
1760
1762
1763
1799
1801
1802
2011
2012
2101
2102
2154
1644
1645
1648
1649
1731
1732
1742
1743
1744
1755
1756
1759
1760
1761
1762
1763
1800
1801
1802
2015
2016
2101
2102
2135
2154
1682
1683
1690
1717
1718
1723
1764
1769
1781
1667
1668
1671
1724
1725
1730
1765
1766
1769
1770
1789
1790
1792
2046
2142
1667
1668
1671
1672
1765
1766
1769
1789
1790
2046
1717
1721
1722
1723
1767
1768
1769
2078
2079
2119
1701
1702
1703
1707
1717
1721
1722
1745
1752
1754
1767
1768
1769
1770
1771
2078
2079
2119
2120
2121
2142
2162
1666
1667
1671
1672
1682
1683
1690
1717
1718
1721
1723
1764
1765
1766
1767
1768
1769
1770
1781
1789
1790
1792
2046
2078
2079
2119
2120
2142
1635
1636
1642
1643
1724
1725
1730
1765
1768
1769
1770
1771
1790
1792
2119
2120
2121
2142
2162
1634
1636
1642
1643
1651
1652
1658
1745
1752
1754
1768
1770
1771
2120
2121
2162
252
253
255
257
258
259
1772
1775
1776
1816
1817
1928
244
245
246
248
1691
1692
1693
1694
1733
1735
1773
1774
1888
243
245
246
248
249
250
251
252
254
255
1692
1693
1694
1697
1773
1774
1775
1776
1888
1904
1906
1928
252
253
254
255
1772
1774
1775
1776
1816
1817
1904
1906
1928
256
257
258
259
262
263
264
1692
1694
1697
1772
1774
1775
1776
1816
1817
1904
1906
1928
361
362
363
1683
1684
1687
1777
1778
1814
350
352
353
354
355
356
357
358
359
360
361
362
363
1683
1684
1687
1689
1777
1778
1779
1780
1814
1983
1986
2008
351
352
353
354
1718
1720
1723
1778
1779
1780
1781
1983
1986
2008
2009
2109
1683
1687
1689
1690
1778
1779
1780
1781
1983
1986
2008
2009
2109
1682
1683
1689
1690
1717
1718
1720
1723
1764
1769
1779
1780
1781
2008
2009
2109
189
190
191
1673
1674
1676
1782
1785
1788
1803
1805
1852
1665
1668
1669
1671
1673
1675
1676
1783
1784
1785
1789
1791
1830
1831
1833
1835
1843
1849
2047
1783
1784
1785
1788
1791
1830
1831
1835
1843
1846
1849
1852
1902
1673
1674
1675
1676
1782
1783
1784
1785
1788
1803
1805
1830
1831
1843
1846
1852
193
194
195
196
1725
1726
1729
1786
1787
1791
1868
1871
1876
194
195
196
197
1786
1787
1788
1791
1868
1871
1872
1876
1902
188
189
190
191
194
196
197
1782
1784
1785
1787
1788
1791
1803
1805
1843
1846
1849
1852
1872
1876
1902
1667
1668
1669
1671
1765
1766
1769
1783
1789
1790
1791
1833
1835
2046
2047
2141
1765
1766
1769
1770
1789
1790
1791
1792
2046
2047
2141
2142
2147
1725
1726
1729
1730
1783
1784
1786
1787
1788
1789
1790
1791
1792
1830
1833
1835
1846
1849
1868
1871
1872
1876
1902
2046
2047
2141
2142
2147
1724
1725
1729
1730
1765
1769
1770
1790
1791
1792
2141
2142
2147
298
299
301
1677
1678
1680
1793
1796
1798
1799
1807
1809
1810
1957
1997
1659
1662
1663
1664
1677
1679
1681
1794
1797
1800
1801
1932
1935
1936
1959
2134
1795
1796
1797
1798
1801
1946
1947
1949
1952
1955
1957
1959
2000
1677
1678
1680
1681
1793
1795
1796
1797
1798
1807
1809
1946
1947
1949
1955
1957
1677
1679
1680
1681
1794
1795
1796
1797
1801
1932
1936
1946
1947
1952
1955
1959
1793
1795
1796
1798
1799
1801
1807
1809
1810
1946
1949
1952
1957
1997
2000
2012
297
298
299
301
304
305
306
1756
1758
1762
1793
1798
1799
1801
1809
1810
1997
2000
2012
1661
1662
1663
1664
1732
1734
1742
1756
1761
1763
1794
1800
1801
1802
1935
1936
2134
2135
2154
1756
1758
1762
1763
1794
1795
1797
1798
1799
1800
1801
1802
1932
1935
1936
1947
1949
1952
1959
1997
2000
2012
2134
2135
2154
1756
1761
1762
1763
1800
1801
1802
2134
2135
2154
179
180
181
182
1673
1674
1676
1782
1785
1788
1803
1804
1805
1851
1852
1860
6
7
9
10
180
181
182
184
185
187
1803
1804
1805
1806
1851
1852
1860
1861
1901
183
184
186
187
189
190
191
1782
1785
1788
1803
1804
1805
1806
1851
1852
1860
1861
1901
184
185
186
187
1804
1805
1806
1860
1861
1901
289
290
291
292
1677
1678
1680
1793
1796
1798
1807
1808
1809
1811
1956
1957
1958
1960
1998
18
19
21
22
290
291
292
294
295
296
1807
1808
1811
1956
1958
1960
299
300
301
302
1793
1796
1798
1799
1807
1809
1810
1811
1957
1958
1997
1998
298
299
300
301
1793
1798
1799
1809
1810
1997
293
294
295
296
299
300
302
1807
1808
1809
1811
1956
1957
1958
1960
1998
149
150
151
152
1684
1685
1687
1812
1813
1814
1822
1823
1858
0
3
4
5
150
151
152
1812
1813
1814
1815
1822
1823
1858
1859
1984
361
362
363
364
1683
1684
1685
1687
1777
1778
1812
1813
1814
1815
1822
1823
1858
1859
1984
1
3
4
5
362
363
364
1813
1814
1815
1858
1859
1984
12
15
16
17
252
253
255
1772
1775
1776
1816
1817
1818
1928
1929
1954
257
258
259
260
1772
1775
1776
1816
1817
1818
1928
1929
1954
13
15
16
17
258
259
260
1816
1817
1818
1928
1929
1954
432
433
434
1819
1821
1824
1826
1828
1854
425
426
427
1820
1822
1823
1824
1837
1838
1841
1858
1985
161
162
163
1685
1686
1688
1819
1821
1824
1826
1828
1854
150
151
152
1812
1813
1814
1820
1822
1823
1837
1838
1858
1684
1685
1687
1688
1812
1813
1814
1820
1822
1823
1824
1837
1838
1841
1858
1985
422
425
426
427
432
433
434
1685
1686
1687
1688
1819
1820
1821
1823
1824
1826
1828
1838
1841
1854
1985
450
451
452
1825
1826
1827
1832
1833
1853
1819
1821
1824
1825
1826
1827
1828
1829
1832
1833
1853
1854
1855
2046
2057
436
439
440
441
442
445
446
450
451
452
1825
1826
1827
1828
1829
1832
1833
1853
1855
2045
2046
2057
428
432
433
434
439
440
441
1819
1821
1824
1826
1827
1828
1829
1854
1855
2045
2046
2057
1826
1827
1828
1829
1853
1854
1855
2045
2046
2057
458
459
460
1783
1784
1785
1791
1830
1831
1834
1835
1843
1848
1849
2050
173
174
175
1673
1675
1676
1783
1784
1785
1830
1831
1843
165
166
167
1669
1670
1671
1825
1826
1827
1832
1833
1853
450
451
452
453
1668
1669
1670
1671
1783
1789
1791
1825
1826
1827
1832
1833
1834
1835
1853
2044
2047
2050
447
451
452
453
458
459
460
1830
1833
1834
1835
1848
1849
2044
2047
2050
1783
1784
1789
1791
1830
1833
1834
1835
1848
1849
2044
2047
2050
374
375
376
418
419
421
1836
1839
1842
1856
1857
2002
366
367
368
1820
1822
1823
1837
1838
1840
1858
1859
1984
370
371
372
373
1820
1822
1823
1824
1837
1838
1839
1840
1841
1842
1858
1859
1982
1984
1985
1987
2002
2058
369
370
371
372
374
375
376
1836
1838
1839
1842
1856
1857
1982
1987
2002
365
366
367
368
370
371
373
1837
1838
1840
1858
1859
1984
416
418
420
421
425
426
427
1820
1823
1824
1838
1841
1842
1985
1987
2058
418
419
420
421
1836
1838
1839
1841
1842
1856
1857
1982
1985
1987
2002
2058
383
384
385
1783
1784
1785
1788
1830
1831
1843
1846
1852
386
387
389
467
468
470
1844
1847
1850
1862
1863
1923
1845
1846
1847
1849
1850
1872
1874
1876
1877
1900
1902
1923
2148
382
383
384
385
386
388
389
1784
1785
1788
1791
1843
1845
1846
1847
1849
1852
1872
1874
1876
1900
1902
386
387
388
389
1844
1845
1846
1847
1850
1862
1863
1872
1874
1877
1900
1923
455
458
459
460
461
464
465
467
469
470
1830
1834
1835
1848
1849
1850
2050
2051
2148
1783
1784
1788
1791
1830
1834
1835
1845
1846
1848
1849
1850
1872
1876
1877
1902
2050
2051
2148
467
468
469
470
1844
1845
1847
1848
1849
1850
1862
1863
1874
1876
1877
1923
2050
2051
2148
180
181
182
378
379
380
1803
1804
1805
1851
1852
1860
377
378
379
380
383
384
385
1782
1784
1785
1788
1803
1804
1805
1843
1846
1851
1852
1860
1669
1670
1671
1672
1825
1826
1827
1829
1832
1833
1853
1855
2046
1685
1686
1688
1690
1819
1821
1824
1826
1828
1829
1854
1855
2057
1666
1670
1671
1672
1686
1688
1690
1826
1827
1828
1829
1853
1854
1855
2046
2057
25
30
31
32
374
375
376
1836
1839
1842
1856
1857
2002
26
30
31
32
418
419
421
1836
1839
1842
1856
1857
2002
1812
1813
1814
1815
1820
1822
1823
1837
1838
1840
1858
1859
1984
2
3
4
5
366
367
368
1813
1814
1815
1837
1838
1840
1858
1859
1984
378
379
380
381
1803
1804
1805
1806
1851
1852
1860
1861
1901
7
8
10
11
184
185
187
379
380
381
1804
1805
1806
1860
1861
1901
35
37
39
40
386
387
389
474
476
477
1844
1847
1850
1862
1863
1923
36
37
39
41
467
468
470
474
476
477
1844
1847
1850
1862
1863
1923
202
204
205
1637
1638
1640
1864
1866
1869
213
215
216
1637
1639
1641
1865
1867
1879
1637
1638
1640
1641
1864
1866
1867
1869
1912
1637
1639
1640
1641
1865
1866
1867
1879
1912
194
195
196
1786
1787
1791
1868
1869
1870
1871
1873
1875
1876
1914
2089
1635
1637
1638
1640
1726
1727
1728
1864
1866
1868
1869
1870
1873
1875
1914
1726
1727
1728
1729
1868
1869
1870
1871
1873
1875
1876
1914
2089
1725
1726
1728
1729
1786
1787
1791
1868
1870
1871
1875
1876
2089
194
196
197
1787
1788
1791
1845
1846
1847
1849
1872
1874
1876
1900
1902
497
498
499
1868
1869
1870
1873
1875
1914
475
476
477
1845
1846
1847
1850
1872
1874
1877
1900
1923
486
490
491
492
497
498
499
1868
1869
1870
1871
1873
1875
1876
1914
2089
479
481
482
483
490
491
492
1786
1787
1788
1791
1845
1846
1849
1850
1868
1870
1871
1872
1875
1876
1877
1902
2089
2148
471
475
476
477
481
482
483
1845
1847
1849
1850
1874
1876
1877
1923
2148
221
222
223
1653
1654
1655
1878
1879
1880
1908
1910
1917
1637
1639
1641
1643
1865
1867
1878
1879
1880
1881
1908
1910
1917
1919
2033
1653
1654
1655
1658
1878
1879
1880
1881
1908
1910
1917
1919
2033
1634
1639
1641
1643
1653
1655
1658
1879
1880
1881
1917
1919
2033
1882
1883
1884
1885
1886
1908
1909
1910
1911
1917
1921
2031
531
532
533
1882
1883
1885
1908
1910
1917
551
552
554
1882
1884
1886
1909
1911
1921
527
531
532
533
535
537
538
544
545
546
1882
1883
1885
1886
1908
1910
1911
1917
2031
540
544
545
546
551
552
554
1882
1884
1885
1886
1909
1910
1911
1921
2031
244
246
247
573
574
576
1735
1736
1740
1887
1892
1899
245
246
248
1692
1693
1694
1696
1773
1774
1888
1889
1890
1903
1905
1924
592
593
594
1888
1889
1890
1891
1893
1903
1905
1924
1926
1927
1945
2064
1693
1694
1696
1699
1888
1889
1890
1891
1903
1905
1924
1926
1945
585
586
587
588
1691
1693
1696
1699
1735
1738
1740
1889
1890
1891
1892
1893
1924
1926
1927
1945
2062
2064
569
573
574
576
577
579
580
585
586
587
1735
1736
1738
1740
1887
1891
1892
1899
2062
581
585
586
588
592
593
594
1889
1891
1893
1926
1927
2064
236
238
239
1710
1711
1713
1894
1896
1897
226
227
228
1710
1712
1713
1895
1896
1909
1710
1711
1712
1713
1894
1895
1896
1897
1909
574
575
576
1708
1710
1711
1713
1736
1737
1739
1894
1896
1897
1898
1899
1920
1922
2069
1736
1737
1739
1740
1897
1898
1899
1920
1922
2069
573
574
575
576
1735
1736
1739
1740
1887
1892
1897
1898
1899
1920
1922
2069
386
388
389
1845
1846
1847
1872
1874
1900
184
186
187
379
380
381
1804
1805
1806
1860
1861
1901
1784
1787
1788
1791
1845
1846
1849
1872
1876
1902
400
401
402
1888
1889
1890
1903
1905
1907
1924
1925
1943
252
254
255
391
392
393
1774
1775
1776
1904
1906
1928
396
397
398
399
1693
1694
1696
1697
1888
1889
1890
1903
1905
1906
1907
1924
1925
1942
1943
390
391
392
393
396
397
398
1692
1694
1696
1697
1774
1775
1776
1904
1905
1906
1928
1942
395
396
397
399
400
401
402
1903
1905
1907
1924
1925
1943
1878
1879
1880
1882
1883
1885
1908
1910
1917
1710
1712
1713
1715
1882
1884
1886
1895
1896
1909
1911
1921
1653
1654
1655
1656
1878
1879
1880
1882
1883
1885
1886
1908
1910
1911
1917
2031
1650
1654
1655
1656
1712
1713
1715
1882
1884
1885
1886
1909
1910
1911
1921
2031
510
511
512
1637
1640
1641
1642
1866
1867
1912
1913
1915
1916
1918
2023
500
504
505
506
510
511
512
1912
1913
1914
1915
1916
1918
2022
2023
2090
495
497
498
499
504
505
506
1726
1727
1728
1730
1868
1869
1870
1873
1875
1913
1914
1915
2022
2023
2090
1635
1640
1641
1642
1727
1728
1730
1912
1913
1914
1915
1916
1918
2022
2023
2090
508
510
511
512
514
517
518
523
524
525
1912
1913
1915
1916
1917
1918
1919
2021
2023
2024
2033
2162
520
523
524
525
531
532
533
1878
1879
1880
1881
1882
1883
1885
1908
1910
1916
1917
1919
2021
2024
2033
1640
1641
1642
1643
1912
1913
1915
1916
1918
1919
2023
2024
2162
1639
1641
1642
1643
1879
1880
1881
1916
1917
1918
1919
2021
2023
2024
2033
2162
549
552
553
554
556
560
561
565
566
567
1708
1713
1714
1715
1736
1737
1739
1897
1898
1899
1920
1921
1922
2068
2069
551
552
553
554
1712
1713
1714
1715
1882
1884
1886
1909
1911
1920
1921
2068
563
565
566
567
574
575
576
1897
1898
1899
1920
1922
2069
474
475
476
477
1844
1845
1847
1850
1862
1863
1874
1877
1923
1888
1889
1890
1891
1903
1905
1907
1924
1925
1926
1943
1945
1961
43
48
49
50
400
401
402
1903
1905
1907
1924
1925
1926
1927
1943
1945
1961
1962
2064
1889
1890
1891
1893
1924
1925
1926
1927
1943
1945
1961
1962
2064
44
48
49
50
592
593
594
1889
1891
1893
1925
1926
1927
1961
1962
2064
391
392
393
394
1772
1774
1775
1776
1816
1817
1818
1904
1906
1928
1929
1954
14
15
16
17
392
393
394
1816
1817
1818
1928
1929
1954
626
627
628
1930
1932
1933
1936
1938
1939
1941
1959
2041
267
268
269
620
621
622
1695
1696
1699
1931
1933
1934
1944
1945
2039
279
280
281
1677
1679
1681
1794
1797
1801
1930
1932
1936
1938
1941
1959
618
620
621
622
626
627
628
1695
1698
1699
1700
1930
1931
1933
1934
1935
1936
1939
1941
1944
1945
2039
2040
2041
2134
1695
1696
1698
1699
1931
1933
1934
1944
1945
2039
1660
1662
1663
1664
1695
1698
1700
1794
1800
1801
1933
1935
1936
2040
2041
2134
1794
1797
1800
1801
1930
1932
1933
1935
1936
1938
1939
1941
1959
2040
2041
2134
646
647
648
1937
1938
1940
1941
1947
1951
1952
1959
2053
1930
1932
1936
1937
1938
1941
1947
1952
1959
623
626
627
628
632
633
634
1930
1933
1936
1939
1940
1941
2038
2041
2053
629
632
633
634
636
640
641
646
647
648
1937
1939
1940
1941
1951
1952
2038
2041
2053
1930
1932
1933
1936
1937
1938
1939
1940
1941
1947
1951
1952
1959
2038
2041
2053
267
269
270
396
397
398
1694
1696
1697
1905
1906
1942
396
397
399
597
598
599
1903
1905
1907
1924
1925
1926
1943
1945
1961
609
613
614
615
620
621
622
1931
1933
1934
1944
1945
2039
595
597
598
599
603
606
607
613
614
615
1693
1695
1696
1699
1889
1890
1891
1924
1925
1926
1931
1933
1934
1943
1944
1945
1961
2039
409
410
411
1795
1796
1797
1798
1946
1947
1949
1955
1957
1795
1796
1797
1801
1937
1938
1941
1946
1947
1952
1955
1959
412
413
415
650
651
653
1948
1950
1953
1963
1964
2020
408
409
410
411
412
414
415
1795
1796
1798
1801
1946
1949
1950
1952
1953
1957
1999
2000
2001
2020
2155
412
413
414
415
1948
1949
1950
1953
1963
1964
1999
2001
2020
643
646
647
648
650
652
653
1937
1940
1941
1951
1952
1953
2053
2054
2155
1795
1797
1798
1801
1937
1938
1940
1941
1947
1949
1951
1952
1953
1959
2000
2001
2053
2054
2155
650
651
652
653
1948
1949
1950
1951
1952
1953
1963
1964
1999
2000
2001
2020
2053
2054
2155
258
259
260
392
393
394
1816
1817
1818
1928
1929
1954
283
284
285
1677
1680
1681
1795
1796
1797
1946
1947
1955
290
291
292
404
405
407
1807
1808
1811
1956
1958
1960
403
404
406
407
409
410
411
1793
1795
1796
1798
1807
1809
1811
1946
1949
1957
1958
1998
404
405
406
407
1807
1808
1809
1811
1956
1957
1958
1960
1998
1794
1795
1797
1801
1930
1932
1936
1937
1938
1941
1947
1952
1959
19
20
22
23
294
295
296
404
405
407
1807
1808
1811
1956
1958
1960
597
598
599
600
1924
1925
1926
1927
1943
1945
1961
1962
2064
45
48
49
50
598
599
600
1925
1926
1927
1961
1962
2064
53
55
57
58
412
413
415
656
658
659
1948
1950
1953
1963
1964
2020
54
55
57
59
650
651
653
656
658
659
1948
1950
1953
1963
1964
2020
319
320
321
1646
1647
1648
1965
1967
1969
308
309
310
1757
1758
1759
1966
1967
2010
1645
1646
1647
1648
1757
1758
1759
1965
1966
1967
1969
2010
328
329
330
1746
1747
1751
1968
1969
1970
1977
1980
2014
1644
1646
1647
1648
1746
1749
1751
1965
1967
1968
1969
1970
1977
1980
2014
1746
1747
1749
1751
1968
1969
1970
1977
1980
2014
664
665
666
1971
1972
1975
1997
2000
2012
1971
1972
1973
1974
1975
1997
2000
2010
2011
2012
2015
2101
686
687
689
1972
1973
1974
2010
2011
2015
670
674
675
676
679
681
682
686
687
689
1972
1973
1974
1975
2010
2011
2012
2015
2101
661
664
665
666
674
675
676
1971
1972
1974
1975
1997
2000
2011
2012
2101
328
330
331
1747
1748
1750
1976
1978
1979
2003
2004
2018
707
708
710
1968
1969
1970
1977
1980
2014
730
731
732
1976
1978
1979
2003
2004
2018
713
715
716
717
720
724
725
730
731
732
1747
1748
1750
1751
1976
1978
1979
1980
2003
2004
2018
2084
703
707
708
710
715
716
717
1746
1747
1750
1751
1968
1969
1970
1977
1979
1980
2014
2084
762
763
764
1981
1983
1986
1993
1996
2008
370
371
372
768
769
772
1838
1839
1842
1982
1987
2002
352
353
354
1778
1779
1780
1981
1983
1986
1993
1996
2008
362
363
364
370
371
373
1813
1814
1815
1837
1838
1840
1858
1859
1984
768
770
771
772
1685
1687
1688
1689
1820
1823
1824
1838
1841
1842
1985
1986
1987
2056
2058
758
762
763
764
768
770
771
1683
1687
1688
1689
1778
1779
1780
1981
1983
1985
1986
1993
1996
2008
2056
768
769
770
772
1838
1839
1841
1842
1982
1985
1987
2002
2058
336
337
338
1704
1705
1706
1988
1990
2003
347
348
349
1719
1720
1721
1989
1990
1991
2006
2007
2017
1704
1705
1706
1707
1988
1989
1990
1991
1992
2003
2006
2007
2017
2019
2078
1719
1720
1721
1722
1989
1990
1991
1992
2006
2007
2017
2019
2078
1701
1704
1706
1707
1719
1721
1722
1990
1991
1992
2017
2019
2078
1981
1983
1986
1993
1994
1995
1996
2006
2007
2008
2017
2077
743
744
745
1993
1994
1995
2006
2007
2017
739
743
744
745
750
751
752
1993
1994
1995
1996
2006
2007
2008
2017
2077
747
750
751
752
754
756
757
762
763
764
1981
1983
1986
1993
1995
1996
2007
2008
2077
299
300
301
1793
1798
1799
1801
1809
1810
1971
1972
1975
1997
2000
2012
299
300
302
404
406
407
1807
1809
1811
1957
1958
1998
412
414
415
657
658
659
1949
1950
1953
1999
2001
2020
664
665
666
667
1795
1798
1799
1801
1949
1952
1953
1971
1972
1975
1997
2000
2001
2012
2155
654
657
658
659
665
666
667
1949
1950
1952
1953
1999
2000
2001
2020
2155
27
30
31
32
765
768
769
772
776
777
1836
1838
1839
1842
1856
1857
1982
1987
2002
1704
1705
1706
1707
1976
1978
1979
1988
1990
2003
2004
2005
2018
2019
2085
1747
1748
1750
1752
1976
1978
1979
2003
2004
2005
2018
2019
2085
1702
1705
1706
1707
1748
1750
1752
2003
2004
2005
2018
2019
2085
1989
1990
1991
1993
1994
1995
2006
2007
2017
1719
1720
1721
1723
1989
1990
1991
1993
1994
1995
1996
2006
2007
2008
2009
2017
2077
2079
2109
1778
1779
1780
1781
1981
1983
1986
1993
1995
1996
2007
2008
2009
2077
2079
2109
1718
1720
1721
1723
1779
1780
1781
2007
2008
2009
2077
2079
2109
1757
1758
1759
1760
1966
1967
1972
1973
1974
2010
2011
2015
1758
1759
1760
1762
1972
1973
1974
1975
2010
2011
2012
2015
2101
1756
1758
1760
1762
1798
1799
1801
1971
1972
1974
1975
1997
2000
2011
2012
2101
683
687
688
689
691
695
696
698
700
701
708
709
710
2013
2014
2015
2016
2026
2027
2028
2095
2102
707
708
709
710
1746
1749
1751
1755
1968
1969
1970
1977
1980
2013
2014
2016
2026
2028
2095
686
687
688
689
1758
1759
1760
1763
1972
1973
1974
2010
2011
2013
2015
2016
2027
2028
2102
1644
1645
1648
1649
1749
1751
1755
1759
1760
1763
2013
2014
2015
2016
2026
2027
2028
2095
2102
733
735
736
737
743
744
745
1989
1990
1991
1992
1993
1994
1995
2006
2007
2017
2018
2019
2076
2078
2085
727
730
731
732
735
736
737
1976
1978
1979
2003
2004
2005
2017
2018
2019
2076
2078
2085
1704
1705
1706
1707
1990
1991
1992
2003
2004
2005
2017
2018
2019
2076
2078
2085
656
657
658
659
1948
1949
1950
1953
1963
1964
1999
2001
2020
523
524
525
526
1916
1917
1919
2021
2024
2025
2033
2034
2167
504
505
506
507
1913
1914
1915
2022
2023
2025
2090
2091
2163
1912
1913
1914
1915
1916
1918
1919
2022
2023
2024
2025
2090
2091
2162
2163
2167
1916
1917
1918
1919
2021
2023
2024
2025
2033
2034
2162
2163
2167
500
505
506
507
508
512
513
514
518
519
524
525
526
2021
2022
2023
2024
2025
2033
2034
2090
2091
2162
2163
2167
708
709
710
712
2013
2014
2016
2026
2028
2030
2095
2097
2171
687
688
689
690
2013
2015
2016
2027
2028
2029
2102
2103
2170
2013
2014
2015
2016
2026
2027
2028
2029
2030
2095
2097
2102
2103
2170
2171
2193
683
688
689
690
691
696
697
698
701
702
709
711
712
2027
2028
2029
2030
2102
2103
2170
2171
2193
709
710
711
712
2026
2028
2029
2030
2095
2097
2170
2171
2193
544
545
546
547
1654
1655
1656
1657
1882
1885
1886
1910
1911
2031
2032
2035
2037
2105
2106
2108
2133
2203
1655
1656
1657
1658
2031
2032
2033
2036
2037
2105
2108
2128
2132
2133
2169
2409
1653
1655
1657
1658
1879
1880
1881
1916
1917
1919
2021
2024
2025
2032
2033
2034
2036
2128
2132
2167
2169
2187
522
524
525
526
857
858
859
2021
2024
2025
2033
2034
2035
2036
2167
2169
2184
2187
2202
527
528
533
534
535
538
539
545
546
547
857
858
859
2031
2034
2035
2036
2037
2106
2108
2184
2187
2202
2203
2409
2032
2033
2034
2035
2036
2037
2128
2132
2133
2167
2169
2184
2187
2202
2203
2409
2031
2032
2035
2036
2037
2105
2106
2108
2132
2133
2202
2203
2409
632
633
634
635
1939
1940
1941
2038
2041
2043
2053
2055
2157
613
614
615
616
1695
1698
1699
1700
1931
1933
1934
1944
1945
2039
2040
2042
2063
2065
2136
1695
1698
1699
1700
1933
1935
1936
2039
2040
2041
2042
2063
2065
2134
2136
2156
1930
1933
1935
1936
1939
1940
1941
2038
2040
2041
2042
2043
2053
2055
2134
2136
2156
2157
2209
612
614
615
616
922
923
924
926
927
928
931
932
933
2039
2040
2041
2042
2043
2063
2065
2134
2136
2156
2157
2209
631
633
634
635
931
932
933
2038
2041
2042
2043
2053
2055
2156
2157
2209
451
452
453
454
1833
1834
1835
2044
2047
2049
2050
2052
2150
437
439
440
441
795
796
797
1827
1828
1829
2045
2046
2048
2057
2059
2143
1667
1670
1671
1672
1765
1766
1769
1789
1790
1791
1826
1827
1828
1829
1853
1855
2045
2046
2047
2048
2057
2059
2141
2143
2149
1783
1789
1790
1791
1833
1834
1835
2044
2046
2047
2048
2049
2050
2052
2141
2143
2149
2150
2220
794
795
796
797
800
801
802
806
807
808
2045
2046
2047
2048
2049
2057
2059
2141
2143
2149
2150
2220
448
452
453
454
806
807
808
2044
2047
2048
2049
2050
2052
2149
2150
2220
1830
1833
1834
1835
1848
1849
1850
2044
2047
2049
2050
2051
2052
2148
2150
2175
466
467
469
470
820
821
822
1848
1849
1850
2050
2051
2052
2148
2150
2175
449
452
453
454
811
812
813
815
816
817
820
821
822
2044
2047
2049
2050
2051
2052
2148
2150
2175
1937
1939
1940
1941
1951
1952
1953
2038
2041
2043
2053
2054
2055
2155
2157
2178
649
650
652
653
944
945
946
1951
1952
1953
2053
2054
2055
2155
2157
2178
629
633
634
635
639
641
642
939
940
941
944
945
946
2038
2041
2043
2053
2054
2055
2155
2157
2178
768
770
771
773
1687
1688
1689
1690
1985
1986
2056
2057
2060
2061
2109
2110
2112
2144
2246
1686
1688
1689
1690
1826
1827
1828
1829
1854
1855
2045
2046
2048
2056
2057
2059
2061
2109
2112
2143
2144
2222
417
418
420
421
768
770
772
773
780
781
782
1838
1841
1842
1985
1987
2058
2060
2180
795
796
797
798
2045
2046
2048
2057
2059
2060
2061
2143
2144
2221
2222
2246
429
431
434
435
770
771
772
773
779
780
781
782
787
788
796
797
798
2056
2058
2059
2060
2061
2110
2112
2180
2221
2222
2246
2056
2057
2059
2060
2061
2109
2110
2112
2143
2144
2221
2222
2246
585
586
587
589
1735
1738
1740
1742
1891
1892
2062
2063
2066
2067
2113
2114
2117
2137
2257
1691
1698
1699
1700
1738
1740
1742
2039
2040
2042
2062
2063
2065
2067
2113
2117
2136
2137
2211
585
586
588
589
598
599
600
601
1889
1891
1893
1925
1926
1927
1961
1962
2064
2066
2182
614
615
616
617
2039
2040
2042
2063
2065
2066
2067
2136
2137
2210
2211
2257
586
587
588
589
595
599
600
601
603
607
608
615
616
617
2062
2064
2065
2066
2067
2114
2117
2182
2210
2211
2257
2062
2063
2065
2066
2067
2113
2114
2117
2136
2137
2210
2211
2257
552
553
554
555
1713
1714
1715
1716
1920
1921
2068
2070
2073
2075
2105
2107
2108
2133
2321
565
566
567
568
1736
1739
1740
1742
1897
1898
1899
1920
1922
2069
2071
2072
2074
2113
2115
2117
2137
2269
1708
1714
1715
1716
1739
1741
1742
2068
2070
2071
2075
2105
2108
2127
2133
2139
1739
1740
1741
1742
2069
2070
2071
2074
2075
2113
2117
2127
2133
2137
2139
2360
556
557
561
562
566
567
568
874
875
876
2069
2072
2073
2074
2075
2115
2117
2267
2269
2270
2321
2360
550
553
554
555
874
875
876
2068
2072
2073
2075
2107
2108
2267
2270
2321
2069
2071
2072
2074
2075
2113
2115
2117
2137
2139
2269
2270
2360
2068
2070
2071
2072
2073
2074
2075
2105
2107
2108
2127
2133
2137
2139
2267
2269
2270
2321
2360
735
736
737
738
2017
2018
2019
2076
2078
2080
2082
2085
2086
2088
2122
2279
750
751
752
753
1993
1995
1996
2007
2008
2009
2077
2079
2081
2083
2109
2111
2112
2144
2327
1717
1719
1721
1722
1767
1768
1769
1990
1991
1992
2017
2018
2019
2076
2078
2079
2082
2083
2085
2088
2119
2122
2124
2144
2339
1717
1720
1721
1723
1767
1768
1769
2007
2008
2009
2077
2078
2079
2083
2109
2112
2119
2124
2144
733
736
737
738
742
745
746
1007
1008
1009
2076
2080
2081
2082
2083
2086
2088
2278
2279
2280
2327
2339
748
751
752
753
1007
1008
1009
2077
2080
2081
2083
2111
2112
2278
2280
2327
2076
2078
2080
2082
2083
2085
2086
2088
2122
2124
2279
2280
2339
2077
2078
2079
2080
2081
2082
2083
2109
2111
2112
2119
2122
2124
2144
2278
2279
2280
2327
2339
715
716
717
718
1747
1750
1751
1752
1979
1980
2084
2085
2087
2088
2093
2096
2098
2122
2288
1748
1750
1751
1752
2003
2004
2005
2017
2018
2019
2076
2078
2082
2084
2085
2088
2093
2098
2122
734
736
737
738
998
999
1000
2076
2080
2082
2086
2087
2088
2277
2279
2288
713
716
717
718
723
725
726
993
994
995
998
999
1000
2084
2086
2087
2088
2096
2098
2277
2279
2288
2076
2078
2080
2082
2084
2085
2086
2087
2088
2093
2096
2098
2122
2277
2279
2288
490
491
492
493
1726
1728
1729
1730
1868
1870
1871
1875
1876
2089
2090
2092
2147
2151
2164
1727
1728
1729
1730
1913
1914
1915
2022
2023
2025
2089
2090
2091
2092
2147
2151
2163
2164
2185
502
505
506
507
845
846
847
2022
2023
2025
2090
2091
2092
2163
2164
2185
489
491
492
493
839
840
841
845
846
847
2089
2090
2091
2092
2147
2151
2163
2164
2185
1750
1751
1752
1753
2084
2085
2088
2093
2094
2098
2099
2118
2122
2123
2130
2338
1751
1752
1753
1755
2093
2094
2095
2099
2100
2118
2123
2129
2130
2131
2173
2349
1749
1751
1753
1755
2013
2014
2016
2026
2028
2030
2094
2095
2097
2100
2129
2131
2171
2173
2307
716
717
718
719
2084
2087
2088
2096
2097
2098
2287
2288
2305
703
709
710
712
717
718
719
2026
2028
2030
2095
2096
2097
2098
2099
2100
2171
2173
2287
2288
2305
2306
2307
2338
2349
2084
2085
2087
2088
2093
2096
2097
2098
2099
2122
2123
2287
2288
2305
2306
2338
2093
2094
2097
2098
2099
2100
2118
2122
2123
2130
2131
2305
2306
2307
2338
2349
2094
2095
2097
2099
2100
2129
2130
2131
2171
2173
2306
2307
2349
674
675
676
677
1758
1760
1762
1763
1972
1974
1975
2011
2012
2101
2102
2104
2154
2158
2172
1759
1760
1762
1763
2013
2015
2016
2027
2028
2029
2101
2102
2103
2104
2154
2158
2170
2172
2194
685
688
689
690
968
969
970
2027
2028
2029
2102
2103
2104
2170
2172
2194
673
675
676
677
963
964
965
968
969
970
2101
2102
2103
2104
2154
2158
2170
2172
2194
1650
1655
1656
1657
1714
1715
1716
2031
2032
2037
2068
2070
2075
2105
2108
2133
545
546
547
548
2031
2035
2037
2106
2107
2108
2201
2203
2321
540
546
547
548
553
554
555
2068
2073
2075
2106
2107
2108
2201
2203
2321
2031
2032
2035
2037
2068
2070
2073
2075
2105
2106
2107
2108
2133
2201
2203
2321
1683
1688
1689
1690
1779
1780
1781
2007
2008
2009
2056
2057
2061
2077
2079
2083
2109
2112
2144
766
770
771
773
1022
1023
1024
2056
2060
2061
2110
2111
2112
2245
2246
2327
749
751
752
753
1013
1014
1016
1017
1018
1022
1023
1024
2077
2081
2083
2110
2111
2112
2245
2246
2327
2056
2057
2060
2061
2077
2079
2081
2083
2109
2110
2111
2112
2144
2245
2246
2327
1738
1739
1740
1742
2062
2063
2067
2069
2071
2074
2113
2117
2137
586
587
589
590
2062
2066
2067
2114
2116
2117
2256
2257
2332
564
566
567
568
883
884
885
2069
2072
2074
2115
2116
2117
2268
2269
2332
582
587
589
590
882
883
884
885
888
889
890
893
894
2114
2115
2116
2117
2256
2257
2268
2269
2332
2062
2063
2066
2067
2069
2071
2072
2074
2113
2114
2115
2116
2117
2137
2256
2257
2268
2269
2332
1751
1752
1753
1754
2093
2094
2099
2118
2121
2123
2126
2128
2130
2132
2169
2350
1767
1768
1769
1770
2078
2079
2083
2119
2120
2124
2125
2142
2144
2145
2165
2367
1768
1769
1770
1771
2119
2120
2121
2125
2142
2145
2162
2165
2168
1745
1752
1753
1754
1768
1770
1771
2118
2120
2121
2125
2126
2128
2132
2162
2165
2168
2169
2392
2076
2078
2082
2083
2084
2085
2088
2093
2098
2099
2122
2123
2124
2125
2126
2338
2339
2340
2341
2350
2367
2392
2093
2094
2098
2099
2118
2122
2123
2126
2130
2132
2338
2341
2350
2078
2079
2082
2083
2119
2122
2124
2125
2144
2145
2339
2340
2367
2119
2120
2121
2122
2124
2125
2126
2142
2144
2145
2162
2165
2168
2169
2339
2340
2341
2367
2392
2118
2121
2122
2123
2125
2126
2128
2130
2132
2168
2169
2338
2340
2341
2350
2392
1739
1741
1742
1743
2070
2071
2075
2127
2129
2131
2133
2135
2138
2139
2173
2402
1651
1655
1657
1658
1752
1753
1754
2032
2033
2036
2118
2121
2126
2128
2132
2169
1731
1741
1742
1743
1751
1753
1755
2094
2095
2100
2127
2129
2131
2135
2138
2173
2093
2094
2099
2100
2118
2123
2126
2130
2131
2132
2133
2349
2350
2351
2402
2409
2094
2095
2099
2100
2127
2129
2130
2131
2133
2135
2138
2139
2173
2349
2351
2402
2032
2033
2036
2037
2118
2121
2123
2126
2128
2130
2132
2133
2169
2350
2351
2409
2031
2032
2036
2037
2068
2070
2071
2075
2105
2108
2127
2130
2131
2132
2133
2138
2139
2349
2350
2351
2402
2409
1794
1800
1801
1802
1933
1935
1936
2040
2041
2042
2134
2135
2136
2140
2154
2156
2160
2174
2212
1732
1741
1742
1743
1756
1761
1763
1800
1801
1802
2127
2129
2131
2134
2135
2138
2140
2154
2160
2173
2174
2403
2039
2040
2041
2042
2063
2065
2067
2134
2136
2137
2140
2156
2160
2211
2212
2361
2062
2063
2065
2067
2069
2071
2074
2075
2113
2117
2136
2137
2138
2139
2140
2211
2212
2359
2360
2361
2402
2403
2127
2129
2131
2133
2135
2137
2138
2139
2140
2173
2174
2359
2360
2361
2402
2403
2070
2071
2074
2075
2127
2131
2133
2137
2138
2139
2359
2360
2402
2134
2135
2136
2137
2138
2140
2154
2156
2160
2173
2174
2211
2212
2359
2361
2403
1789
1790
1791
1792
2046
2047
2048
2141
2142
2143
2146
2147
2149
2153
2166
2223
1765
1768
1769
1770
1790
1791
1792
2119
2120
2125
2141
2142
2145
2146
2147
2153
2165
2166
2393
2045
2046
2047
2048
2057
2059
2061
2141
2143
2144
2146
2149
2153
2222
2223
2368
2056
2057
2059
2061
2077
2078
2079
2083
2109
2112
2119
2124
2125
2143
2144
2145
2146
2222
2223
2367
2368
2393
2119
2120
2124
2125
2142
2144
2145
2146
2165
2166
2367
2368
2393
2141
2142
2143
2144
2145
2146
2147
2149
2153
2165
2166
2222
2223
2367
2368
2393
1725
1728
1729
1730
1790
1791
1792
2089
2090
2092
2141
2142
2146
2147
2151
2153
2164
2166
2297
481
482
483
484
1845
1848
1849
1850
1876
1877
2050
2051
2052
2148
2150
2152
2175
2176
2230
2046
2047
2048
2049
2141
2143
2146
2149
2150
2153
2220
2223
2231
2044
2047
2048
2049
2050
2051
2052
2148
2149
2150
2152
2153
2175
2176
2220
2223
2230
2231
2375
491
492
493
494
2089
2090
2092
2147
2151
2152
2153
2164
2166
2295
2297
2375
479
482
483
484
492
493
494
2148
2150
2151
2152
2153
2175
2176
2230
2231
2295
2297
2375
2141
2142
2143
2146
2147
2149
2150
2151
2152
2153
2164
2166
2220
2223
2230
2231
2295
2297
2375
1756
1760
1762
1763
1800
1801
1802
2101
2102
2104
2134
2135
2140
2154
2158
2160
2172
2174
2316
665
666
667
669
1949
1951
1952
1953
2000
2001
2053
2054
2055
2155
2157
2161
2178
2179
2240
2040
2041
2042
2043
2134
2136
2140
2156
2157
2160
2209
2212
2239
2038
2041
2042
2043
2053
2054
2055
2155
2156
2157
2159
2160
2161
2178
2179
2209
2212
2238
2239
2240
2384
2385
675
676
677
678
2101
2102
2104
2154
2158
2159
2160
2172
2174
2314
2316
2384
661
666
668
669
676
677
678
2157
2158
2159
2160
2161
2238
2239
2240
2314
2316
2384
2385
2134
2135
2136
2140
2154
2156
2157
2158
2159
2160
2172
2174
2209
2212
2238
2239
2314
2316
2384
666
667
668
669
2155
2157
2159
2161
2178
2179
2238
2240
2385
1636
1641
1642
1643
1768
1770
1771
1916
1918
1919
2023
2024
2025
2120
2121
2125
2162
2163
2165
2167
2168
2186
2022
2023
2024
2025
2090
2091
2092
2162
2163
2164
2165
2167
2168
2185
2186
2296
2089
2090
2091
2092
2147
2151
2153
2163
2164
2165
2166
2185
2186
2296
2297
2393
2119
2120
2121
2125
2142
2145
2146
2162
2163
2164
2165
2166
2167
2168
2185
2186
2296
2297
2393
2141
2142
2145
2146
2147
2151
2153
2164
2165
2166
2296
2297
2393
2021
2023
2024
2025
2033
2034
2036
2162
2163
2165
2167
2168
2169
2186
2187
2392
2120
2121
2125
2126
2162
2163
2165
2167
2168
2169
2186
2187
2392
2032
2033
2034
2036
2118
2121
2125
2126
2128
2132
2167
2168
2169
2186
2187
2392
2027
2028
2029
2030
2102
2103
2104
2170
2171
2172
2173
2193
2194
2195
2307
2315
2026
2028
2029
2030
2095
2097
2100
2170
2171
2173
2193
2195
2307
2101
2102
2103
2104
2154
2158
2160
2170
2172
2173
2174
2194
2195
2315
2316
2403
2094
2095
2097
2100
2127
2129
2131
2135
2138
2140
2170
2171
2172
2173
2174
2193
2194
2195
2307
2315
2316
2403
2134
2135
2138
2140
2154
2158
2160
2172
2173
2174
2315
2316
2403
820
821
822
823
2050
2051
2052
2148
2150
2152
2175
2176
2177
2230
2232
2376
482
483
484
485
2148
2150
2152
2175
2176
2177
2230
2232
2376
67
68
71
72
471
477
478
483
484
485
821
822
823
2175
2176
2177
2230
2232
2376
944
945
946
947
2053
2054
2055
2155
2157
2161
2178
2179
2240
55
56
59
60
654
659
660
666
667
669
945
946
947
2155
2157
2161
2178
2179
2240
770
772
773
774
780
781
782
783
2058
2060
2180
2181
2247
27
28
32
33
765
772
773
774
777
778
781
782
783
2180
2181
2247
583
586
588
589
599
600
601
602
898
899
901
2064
2066
2182
2183
2258
45
46
50
51
600
601
602
897
898
899
901
904
905
2182
2183
2258
857
858
859
861
2034
2035
2036
2184
2187
2189
2202
2204
2410
845
846
847
848
2090
2091
2092
2163
2164
2165
2185
2186
2188
2190
2191
2296
2298
2301
2304
2397
2501
2595
2162
2163
2164
2165
2167
2168
2169
2185
2186
2187
2191
2192
2296
2304
2392
2397
2401
2415
2828
2033
2034
2035
2036
2167
2168
2169
2184
2186
2187
2189
2192
2202
2204
2392
2401
2410
2415
2510
844
846
847
848
850
851
852
853
854
855
858
860
861
2185
2188
2189
2190
2192
2298
2301
2500
2501
2502
2510
2596
858
859
860
861
2184
2187
2188
2189
2192
2202
2204
2410
2415
2500
2502
2510
2185
2188
2190
2191
2192
2298
2301
2304
2501
2502
2595
2596
2828
2185
2186
2190
2191
2192
2296
2301
2304
2397
2401
2595
2596
2828
2186
2187
2188
2189
2190
2191
2192
2392
2397
2401
2410
2415
2500
2501
2502
2510
2595
2596
2828
705
709
711
712
981
982
983
2028
2029
2030
2170
2171
2173
2193
2195
2197
2200
2307
2308
2313
2408
2573
968
969
970
971
2102
2103
2104
2170
2172
2173
2194
2195
2196
2199
2315
2317
2320
2404
2569
2170
2171
2172
2173
2193
2194
2195
2199
2200
2307
2313
2315
2320
2404
2408
2752
967
969
970
971
974
975
976
2194
2196
2197
2198
2199
2317
2320
2565
2567
2569
2571
2603
973
974
975
976
977
978
979
981
982
983
2193
2196
2197
2198
2200
2308
2313
2565
2567
2571
2573
2604
2196
2197
2198
2199
2200
2565
2567
2569
2571
2573
2603
2604
2752
2194
2195
2196
2198
2199
2200
2315
2317
2320
2404
2408
2567
2569
2603
2604
2752
2193
2195
2197
2198
2199
2200
2307
2308
2313
2404
2408
2571
2573
2603
2604
2752
542
546
547
548
870
871
872
2106
2107
2108
2201
2203
2205
2206
2207
2321
2322
2324
2326
2419
2512
2609
2034
2035
2036
2037
2184
2187
2189
2202
2203
2204
2207
2208
2409
2410
2412
2415
2419
2510
2795
2031
2035
2036
2037
2106
2107
2108
2201
2202
2203
2207
2321
2326
2409
2412
2419
856
858
859
861
862
863
864
866
867
868
2184
2187
2189
2202
2204
2205
2206
2208
2410
2415
2508
2509
2510
2512
2610
865
866
867
868
870
871
872
2201
2204
2205
2206
2322
2324
2508
2509
2512
2201
2204
2205
2206
2207
2208
2322
2324
2326
2508
2509
2510
2512
2609
2610
2795
2201
2202
2203
2206
2207
2208
2321
2324
2326
2409
2412
2415
2419
2609
2610
2795
2202
2204
2206
2207
2208
2410
2412
2415
2509
2510
2609
2610
2795
931
932
933
935
2041
2042
2043
2156
2157
2160
2209
2212
2214
2219
2239
2242
2244
2434
2545
611
615
616
617
918
919
921
2065
2066
2067
2210
2211
2215
2218
2257
2262
2266
2366
2549
2063
2065
2066
2067
2136
2137
2140
2210
2211
2212
2218
2257
2266
2361
2366
2433
2134
2136
2137
2140
2156
2157
2160
2209
2211
2212
2217
2218
2219
2239
2244
2361
2366
2430
2433
2434
2760
2761
917
918
920
921
922
924
925
926
928
929
932
934
935
2213
2214
2215
2216
2219
2540
2541
2542
2543
2545
2546
2616
932
933
934
935
2209
2213
2214
2219
2242
2244
2540
2543
2545
918
919
920
921
2210
2213
2215
2216
2218
2262
2266
2541
2542
2546
2549
2615
2213
2215
2216
2218
2219
2541
2542
2543
2546
2549
2615
2616
2884
2212
2217
2218
2219
2430
2433
2434
2760
2761
2884
2210
2211
2212
2215
2216
2217
2218
2219
2257
2262
2266
2361
2366
2430
2433
2546
2549
2615
2616
2760
2761
2884
2209
2212
2213
2214
2216
2217
2218
2219
2239
2242
2244
2430
2434
2540
2542
2543
2545
2615
2616
2760
2761
2884
806
807
808
809
2047
2048
2049
2149
2150
2153
2220
2223
2225
2228
2231
2234
2237
2426
2473
796
797
798
799
2059
2060
2061
2221
2222
2224
2226
2229
2246
2249
2252
2254
2374
2469
2623
2057
2059
2060
2061
2143
2144
2146
2221
2222
2223
2227
2229
2246
2254
2368
2373
2374
2425
2846
2141
2143
2144
2146
2149
2150
2153
2220
2222
2223
2227
2228
2231
2237
2368
2373
2425
2426
2845
794
797
798
799
802
803
804
2221
2224
2225
2226
2249
2252
2468
2469
2472
800
802
803
804
807
808
809
2220
2224
2225
2226
2228
2234
2237
2468
2469
2472
2473
2622
2221
2224
2225
2226
2227
2228
2229
2249
2252
2254
2468
2469
2472
2473
2621
2622
2623
2845
2846
2222
2223
2226
2227
2228
2229
2368
2373
2374
2425
2426
2621
2622
2623
2845
2846
2220
2223
2225
2226
2227
2228
2231
2234
2237
2425
2426
2472
2473
2621
2622
2845
2221
2222
2226
2227
2229
2246
2252
2254
2373
2374
2621
2623
2846
2148
2150
2152
2153
2175
2176
2177
2230
2231
2232
2233
2236
2375
2376
2377
2380
2422
2435
2465
2149
2150
2152
2153
2220
2223
2228
2230
2231
2236
2237
2375
2380
2422
2426
2653
821
822
823
824
2175
2176
2177
2230
2232
2233
2376
2377
2435
815
817
818
819
822
823
824
2230
2232
2233
2235
2236
2376
2377
2380
2435
2461
2465
2474
807
808
809
810
2220
2225
2228
2234
2235
2237
2471
2473
2475
805
808
809
810
811
813
814
817
818
819
2233
2234
2235
2236
2237
2461
2465
2471
2473
2474
2475
2653
2230
2231
2233
2235
2236
2237
2375
2377
2380
2422
2426
2461
2465
2474
2475
2653
2220
2223
2225
2228
2231
2234
2235
2236
2237
2422
2426
2471
2473
2474
2475
2653
2157
2159
2160
2161
2238
2239
2240
2241
2243
2384
2385
2386
2389
2427
2440
2532
2156
2157
2159
2160
2209
2212
2219
2238
2239
2243
2244
2384
2389
2427
2434
2663
945
946
947
948
2155
2157
2159
2161
2178
2179
2238
2240
2241
2385
2386
2440
939
941
942
943
946
947
948
2238
2240
2241
2242
2243
2385
2386
2389
2440
2527
2532
2544
930
932
933
935
936
937
938
941
942
943
2209
2214
2219
2241
2242
2243
2244
2527
2532
2544
2545
2663
2238
2239
2241
2242
2243
2244
2384
2386
2389
2427
2434
2527
2532
2544
2545
2663
2209
2212
2214
2219
2239
2242
2243
2244
2427
2434
2544
2545
2663
1022
1023
1024
1027
2110
2111
2112
2245
2246
2251
2254
2327
2328
2331
2374
2581
2056
2059
2060
2061
2110
2111
2112
2221
2222
2229
2245
2246
2254
2327
2331
2374
766
772
773
774
781
782
783
784
1023
1025
1027
2180
2181
2247
2248
2250
2251
2444
2446
2447
2457
2560
779
782
783
784
788
789
790
2247
2248
2249
2250
2253
2255
2444
2446
2454
2457
2458
2459
2470
2563
2670
786
788
789
790
791
792
793
797
798
799
2221
2224
2226
2248
2249
2252
2253
2454
2458
2469
2470
2620
2247
2248
2250
2251
2255
2444
2446
2447
2457
2459
2560
2563
2582
1023
1024
1025
1027
2245
2247
2250
2251
2254
2255
2328
2331
2446
2447
2560
2563
2581
2582
2855
2221
2224
2226
2229
2249
2252
2253
2254
2469
2470
2620
2623
2669
2248
2249
2252
2253
2254
2255
2454
2458
2459
2469
2470
2620
2623
2669
2670
2855
2221
2222
2226
2229
2245
2246
2251
2252
2253
2254
2255
2327
2328
2331
2374
2581
2582
2620
2623
2669
2670
2855
2248
2250
2251
2253
2254
2255
2457
2458
2459
2560
2563
2581
2582
2669
2670
2855
583
587
589
590
899
900
903
2114
2116
2117
2256
2257
2260
2264
2266
2332
2333
2335
2337
2366
2515
2713
2062
2065
2066
2067
2114
2116
2117
2210
2211
2218
2256
2257
2266
2332
2337
2366
596
600
601
602
898
899
901
903
909
910
911
2182
2183
2258
2259
2260
2261
2449
2450
2452
2491
2494
2258
2259
2260
2261
2265
2449
2450
2452
2491
2494
2497
2516
2538
899
900
901
903
2256
2258
2259
2260
2264
2265
2333
2335
2449
2450
2491
2497
2515
2516
2712
908
909
910
911
914
915
916
2258
2259
2261
2262
2265
2449
2452
2494
2497
2535
2538
2548
913
914
915
916
918
919
921
2210
2215
2218
2261
2262
2263
2265
2266
2535
2538
2547
2548
2549
2675
2676
2262
2263
2265
2266
2547
2548
2549
2675
2676
2863
2256
2260
2264
2265
2266
2333
2335
2337
2515
2516
2712
2713
2863
2259
2260
2261
2262
2263
2264
2265
2266
2491
2494
2497
2515
2516
2535
2538
2547
2548
2675
2676
2712
2713
2863
2210
2211
2215
2218
2256
2257
2262
2263
2264
2265
2266
2332
2335
2337
2366
2547
2549
2675
2676
2712
2713
2863
874
875
876
878
2072
2073
2075
2267
2270
2271
2274
2321
2323
2325
2417
2519
883
884
885
887
2115
2116
2117
2268
2269
2272
2275
2332
2334
2336
2362
2522
2069
2072
2074
2075
2115
2116
2117
2268
2269
2270
2275
2276
2332
2336
2360
2362
2364
2420
2742
2072
2073
2074
2075
2267
2269
2270
2273
2274
2276
2321
2325
2360
2364
2416
2417
2420
2628
2631
873
875
876
878
879
880
881
884
886
887
2267
2271
2272
2273
2274
2323
2325
2517
2518
2519
2520
2628
884
885
886
887
2268
2271
2272
2273
2275
2334
2336
2517
2518
2520
2522
2630
2270
2271
2272
2273
2274
2275
2276
2416
2417
2420
2517
2518
2519
2520
2522
2628
2630
2631
2742
2267
2270
2271
2273
2274
2321
2323
2325
2416
2417
2518
2519
2628
2268
2269
2272
2273
2275
2276
2332
2334
2336
2362
2364
2520
2522
2630
2631
2742
2269
2270
2273
2275
2276
2360
2362
2364
2416
2420
2630
2631
2742
998
999
1000
1002
2086
2087
2088
2277
2279
2283
2285
2288
2290
2293
2344
2591
1007
1008
1009
1011
2080
2081
2083
2278
2280
2282
2286
2327
2329
2331
2374
2589
2076
2080
2082
2083
2086
2087
2088
2277
2279
2280
2285
2288
2293
2339
2344
2370
2080
2081
2082
2083
2278
2279
2280
2285
2286
2327
2331
2339
2344
2370
2374
2803
997
999
1001
1002
1003
1004
1005
1008
1010
1011
2281
2282
2283
2284
2285
2583
2584
2585
2586
2587
2591
2637
1008
1009
1010
1011
2278
2281
2282
2284
2286
2329
2331
2583
2585
2587
2589
2638
999
1000
1001
1002
2277
2281
2283
2285
2290
2293
2584
2586
2591
2281
2282
2284
2285
2286
2583
2585
2586
2587
2589
2637
2638
2803
2277
2279
2280
2281
2283
2284
2285
2286
2288
2290
2293
2339
2344
2370
2374
2584
2585
2586
2591
2637
2638
2803
2278
2280
2282
2284
2285
2286
2327
2329
2331
2370
2374
2587
2589
2637
2638
2803
714
717
718
719
985
986
988
2096
2097
2098
2287
2288
2289
2291
2294
2305
2309
2310
2312
2348
2577
2645
2084
2086
2087
2088
2096
2097
2098
2277
2279
2285
2287
2288
2292
2293
2294
2305
2312
2342
2344
2348
2718
2722
984
985
986
988
990
991
992
2287
2289
2290
2291
2309
2310
2576
2577
2590
989
990
991
992
993
995
996
999
1000
1002
2277
2283
2285
2289
2290
2291
2293
2576
2577
2590
2591
2644
2287
2289
2290
2291
2292
2293
2294
2309
2310
2312
2576
2577
2590
2591
2643
2644
2645
2718
2722
2288
2291
2292
2293
2294
2342
2344
2348
2643
2644
2645
2718
2722
2277
2279
2283
2285
2288
2290
2291
2292
2293
2342
2344
2590
2591
2643
2644
2718
2287
2288
2291
2292
2294
2305
2310
2312
2342
2348
2643
2645
2722
488
492
493
494
836
837
838
2151
2152
2153
2295
2297
2300
2302
2303
2375
2379
2381
2383
2423
2506
2680
2163
2164
2165
2166
2185
2186
2191
2296
2297
2303
2304
2393
2396
2397
2423
2786
2147
2151
2152
2153
2164
2165
2166
2295
2296
2297
2303
2375
2383
2393
2396
2423
846
847
848
849
2185
2188
2190
2298
2299
2301
2499
2501
2504
839
841
842
843
847
848
849
2298
2299
2300
2301
2302
2499
2501
2503
2504
2505
2506
2594
835
836
837
838
841
842
843
2295
2299
2300
2302
2379
2381
2503
2505
2506
2185
2188
2190
2191
2298
2299
2301
2302
2304
2499
2501
2504
2505
2594
2595
2681
2295
2299
2300
2301
2302
2303
2304
2379
2381
2383
2503
2504
2505
2506
2594
2595
2680
2681
2786
2295
2296
2297
2302
2303
2304
2375
2381
2383
2393
2396
2397
2423
2680
2681
2786
2185
2186
2190
2191
2296
2301
2302
2303
2304
2396
2397
2594
2595
2680
2681
2786
2096
2097
2098
2099
2287
2288
2294
2305
2306
2312
2338
2348
2357
2097
2098
2099
2100
2305
2306
2307
2312
2313
2338
2348
2349
2357
2358
2408
2891
2095
2097
2099
2100
2170
2171
2173
2193
2195
2200
2306
2307
2313
2349
2358
2408
980
981
982
983
986
987
988
2193
2197
2200
2308
2309
2311
2313
2570
2572
2573
2578
2687
985
986
987
988
2287
2289
2291
2308
2309
2310
2311
2570
2572
2577
2578
2642
2287
2289
2291
2294
2309
2310
2311
2312
2577
2578
2642
2645
2686
2308
2309
2310
2311
2312
2313
2570
2572
2573
2577
2578
2642
2645
2686
2687
2891
2287
2288
2291
2294
2305
2306
2310
2311
2312
2313
2338
2348
2357
2358
2642
2645
2686
2687
2891
2193
2195
2197
2200
2306
2307
2308
2311
2312
2313
2349
2357
2358
2408
2572
2573
2686
2687
2891
672
676
677
678
960
961
962
2158
2159
2160
2314
2316
2318
2319
2384
2388
2390
2428
2574
2170
2172
2173
2174
2194
2195
2199
2315
2316
2320
2403
2404
2429
2154
2158
2159
2160
2172
2173
2174
2314
2315
2316
2319
2320
2384
2390
2403
2404
2428
2429
2691
969
970
971
972
2194
2196
2199
2317
2318
2319
2320
2566
2568
2569
2574
2691
959
960
961
962
963
965
966
970
971
972
2314
2317
2318
2319
2388
2390
2566
2568
2574
2314
2316
2317
2318
2319
2320
2384
2388
2390
2428
2429
2566
2568
2569
2574
2691
2194
2195
2196
2199
2315
2316
2317
2319
2320
2403
2404
2428
2429
2568
2569
2691
2068
2072
2073
2075
2106
2107
2108
2201
2203
2207
2267
2270
2274
2321
2325
2326
2417
2419
2699
869
870
871
872
876
877
878
2201
2205
2206
2322
2323
2324
2325
2511
2512
2513
2519
2608
875
876
877
878
2267
2271
2274
2322
2323
2325
2511
2513
2519
2201
2205
2206
2207
2322
2324
2325
2326
2512
2513
2608
2609
2699
2267
2270
2271
2274
2321
2322
2323
2324
2325
2326
2417
2419
2511
2512
2513
2519
2608
2609
2699
2201
2203
2206
2207
2321
2324
2325
2326
2417
2419
2608
2609
2699
2077
2080
2081
2083
2110
2111
2112
2245
2246
2254
2278
2280
2286
2327
2331
2374
1016
1018
1019
1020
1023
1024
1027
2245
2251
2254
2328
2329
2330
2331
2579
2580
2581
2588
2706
1006
1008
1009
1011
1012
1014
1015
1018
1019
1020
2278
2282
2286
2328
2329
2330
2331
2579
2580
2588
2589
2706
2328
2329
2330
2331
2579
2580
2581
2588
2589
2706
2245
2246
2251
2254
2278
2280
2282
2286
2327
2328
2329
2330
2331
2374
2580
2581
2588
2589
2706
2114
2115
2116
2117
2256
2257
2266
2268
2269
2275
2332
2336
2337
2362
2366
2744
892
894
895
896
899
900
903
2256
2260
2264
2333
2334
2335
2514
2515
2521
882
884
885
887
888
890
891
894
895
896
2268
2272
2275
2333
2334
2335
2336
2514
2515
2521
2522
2711
2256
2260
2264
2266
2333
2334
2335
2336
2337
2514
2515
2521
2522
2711
2713
2744
2268
2269
2272
2275
2332
2334
2335
2336
2337
2362
2366
2521
2522
2711
2713
2744
2256
2257
2264
2266
2332
2335
2336
2337
2362
2366
2711
2713
2744
2093
2097
2098
2099
2122
2123
2126
2305
2306
2312
2338
2341
2342
2345
2348
2350
2352
2355
2357
2413
2719
2722
2078
2080
2082
2083
2122
2124
2125
2279
2280
2285
2339
2340
2343
2344
2346
2367
2369
2370
2371
2398
2733
2734
2122
2124
2125
2126
2339
2340
2341
2346
2347
2367
2371
2392
2398
2400
2414
2834
2122
2123
2125
2126
2338
2340
2341
2345
2347
2350
2355
2392
2400
2413
2414
2810
2288
2292
2293
2294
2338
2342
2344
2345
2346
2347
2348
2352
2355
2357
2718
2719
2720
2721
2722
2802
2810
2834
2339
2343
2344
2346
2369
2370
2371
2733
2734
2802
2277
2279
2280
2285
2288
2292
2293
2339
2342
2343
2344
2346
2369
2370
2718
2720
2733
2734
2802
2338
2341
2342
2345
2347
2350
2352
2355
2413
2414
2719
2721
2810
2339
2340
2342
2343
2344
2346
2347
2367
2369
2371
2398
2400
2718
2720
2721
2733
2734
2802
2834
2340
2341
2342
2345
2346
2347
2392
2398
2400
2413
2414
2719
2720
2721
2810
2834
2287
2288
2292
2294
2305
2306
2312
2338
2342
2348
2352
2357
2722
2094
2097
2099
2100
2130
2131
2133
2306
2307
2313
2349
2351
2356
2358
2402
2406
2408
2421
2822
2118
2122
2123
2126
2130
2132
2133
2338
2341
2345
2350
2351
2354
2355
2409
2412
2413
2419
2793
2130
2131
2132
2133
2349
2350
2351
2353
2354
2356
2402
2406
2409
2412
2418
2419
2421
2725
2728
2338
2342
2345
2348
2352
2355
2357
2719
2722
2811
2351
2353
2354
2355
2356
2357
2358
2418
2419
2421
2725
2726
2728
2729
2730
2793
2811
2822
2891
2350
2351
2353
2354
2355
2409
2412
2413
2418
2419
2725
2726
2793
2338
2341
2342
2345
2350
2352
2353
2354
2355
2357
2412
2413
2719
2722
2725
2726
2729
2793
2811
2349
2351
2353
2356
2358
2402
2406
2408
2418
2421
2728
2730
2822
2305
2306
2312
2313
2338
2342
2348
2352
2353
2355
2357
2358
2719
2722
2726
2729
2730
2811
2891
2306
2307
2312
2313
2349
2353
2356
2357
2358
2406
2408
2728
2729
2730
2822
2891
2137
2138
2139
2140
2359
2360
2361
2364
2365
2402
2403
2405
2407
2420
2432
2816
2071
2072
2074
2075
2137
2138
2139
2269
2270
2276
2359
2360
2364
2402
2405
2420
2136
2137
2138
2140
2211
2212
2218
2359
2361
2363
2365
2366
2403
2407
2430
2432
2433
2759
2760
2268
2269
2275
2276
2332
2336
2337
2362
2363
2364
2365
2366
2741
2742
2743
2744
2759
2760
2816
2361
2362
2363
2365
2366
2430
2432
2433
2741
2743
2744
2759
2760
2269
2270
2275
2276
2359
2360
2362
2364
2365
2402
2405
2407
2420
2742
2743
2816
2359
2361
2362
2363
2364
2365
2403
2405
2407
2430
2432
2741
2742
2743
2759
2816
2210
2211
2212
2218
2256
2257
2266
2332
2336
2337
2361
2362
2363
2366
2430
2433
2741
2744
2760
2119
2122
2124
2125
2144
2145
2146
2339
2340
2346
2367
2368
2369
2371
2372
2393
2394
2398
2399
2424
2734
2735
2143
2144
2145
2146
2222
2223
2227
2367
2368
2372
2373
2393
2399
2424
2425
2838
2339
2343
2344
2346
2367
2369
2370
2371
2372
2373
2374
2394
2398
2399
2733
2734
2735
2736
2737
2803
2838
2846
2279
2280
2285
2286
2339
2343
2344
2369
2370
2374
2733
2737
2803
2339
2340
2343
2346
2367
2369
2371
2394
2398
2734
2367
2368
2369
2372
2373
2393
2394
2399
2424
2425
2735
2736
2838
2222
2223
2227
2229
2368
2369
2372
2373
2374
2424
2425
2735
2736
2737
2838
2846
2221
2222
2227
2229
2245
2246
2254
2278
2280
2285
2286
2327
2331
2369
2370
2373
2374
2733
2736
2737
2803
2846
2150
2151
2152
2153
2230
2231
2236
2295
2297
2303
2375
2380
2383
2422
2423
2652
480
483
484
485
831
832
834
2175
2176
2177
2230
2232
2233
2376
2377
2378
2379
2435
2437
2438
2464
2486
2230
2232
2233
2236
2376
2377
2378
2380
2382
2435
2437
2464
2465
2466
2489
2651
2376
2377
2378
2379
2382
2435
2437
2438
2464
2466
2486
2489
2507
830
831
832
834
836
837
838
2295
2300
2302
2376
2378
2379
2381
2382
2437
2438
2486
2489
2506
2507
2679
2230
2231
2233
2236
2375
2377
2380
2382
2383
2422
2423
2465
2466
2651
2652
2774
2295
2300
2302
2303
2379
2381
2382
2383
2506
2507
2679
2680
2774
2377
2378
2379
2380
2381
2382
2383
2464
2465
2466
2486
2489
2506
2507
2651
2652
2679
2680
2774
2295
2297
2302
2303
2375
2380
2381
2382
2383
2422
2423
2651
2652
2679
2680
2774
2157
2158
2159
2160
2238
2239
2243
2314
2316
2319
2384
2389
2390
2391
2427
2428
2431
2661
2693
663
666
668
669
955
956
957
2157
2159
2161
2238
2240
2241
2385
2386
2387
2440
2442
2530
2238
2240
2241
2243
2385
2386
2387
2389
2391
2440
2442
2530
2532
2533
2558
2661
955
956
957
958
2385
2386
2387
2388
2391
2440
2442
2530
2533
2555
2558
2575
954
955
957
958
960
961
962
2314
2318
2319
2387
2388
2390
2391
2555
2558
2574
2575
2693
2238
2239
2241
2243
2384
2386
2389
2391
2427
2431
2532
2533
2661
2314
2316
2318
2319
2384
2388
2390
2391
2428
2431
2574
2575
2693
2384
2386
2387
2388
2389
2390
2391
2427
2428
2431
2530
2532
2533
2555
2558
2574
2575
2661
2693
2121
2122
2125
2126
2167
2168
2169
2186
2187
2192
2340
2341
2347
2392
2395
2400
2401
2411
2414
2415
2769
2770
2142
2144
2145
2146
2164
2165
2166
2296
2297
2303
2367
2368
2372
2393
2396
2399
2423
2424
2787
2367
2369
2371
2372
2394
2398
2399
2734
2735
2833
2392
2395
2397
2398
2400
2401
2411
2414
2415
2767
2768
2769
2770
2826
2828
2834
2296
2297
2303
2304
2393
2396
2397
2399
2423
2424
2786
2787
2827
2185
2186
2191
2192
2296
2303
2304
2395
2396
2397
2398
2399
2401
2767
2768
2770
2786
2787
2826
2827
2828
2833
2339
2340
2346
2347
2367
2369
2371
2394
2395
2397
2398
2399
2400
2734
2735
2767
2768
2769
2826
2827
2833
2834
2367
2368
2369
2372
2393
2394
2396
2397
2398
2399
2423
2424
2734
2735
2786
2787
2826
2827
2833
2340
2341
2346
2347
2392
2395
2398
2400
2411
2414
2768
2769
2834
2186
2187
2191
2192
2392
2395
2397
2401
2411
2415
2767
2770
2828
2127
2130
2131
2133
2137
2138
2139
2349
2351
2356
2359
2360
2364
2402
2405
2406
2420
2421
2815
2135
2137
2138
2140
2172
2173
2174
2315
2316
2320
2359
2361
2365
2403
2404
2407
2429
2432
2751
2194
2195
2199
2200
2315
2316
2320
2403
2404
2406
2407
2408
2429
2432
2750
2751
2752
2821
2822
2359
2360
2364
2365
2402
2405
2406
2407
2420
2421
2815
2816
2821
2349
2351
2356
2358
2402
2404
2405
2406
2407
2408
2420
2421
2750
2751
2752
2815
2816
2821
2822
2359
2361
2364
2365
2403
2404
2405
2406
2407
2429
2432
2750
2751
2815
2816
2821
2193
2195
2199
2200
2306
2307
2313
2349
2356
2358
2404
2406
2408
2750
2752
2822
2032
2035
2036
2037
2130
2132
2133
2202
2203
2207
2350
2351
2354
2409
2412
2419
2184
2187
2189
2192
2202
2204
2208
2410
2415
2510
2392
2395
2400
2401
2411
2412
2413
2414
2415
2765
2766
2769
2770
2793
2795
2810
2202
2203
2207
2208
2350
2351
2354
2355
2409
2411
2412
2413
2415
2419
2765
2766
2770
2793
2795
2338
2341
2345
2347
2350
2354
2355
2411
2412
2413
2414
2765
2766
2769
2793
2810
2340
2341
2345
2347
2392
2395
2400
2411
2413
2414
2766
2769
2810
2186
2187
2189
2192
2202
2204
2207
2208
2392
2395
2401
2410
2411
2412
2415
2510
2765
2770
2795
2270
2273
2274
2276
2416
2417
2420
2628
2631
2700
2267
2270
2273
2274
2321
2325
2326
2416
2417
2419
2420
2628
2631
2699
2700
2794
2351
2353
2354
2356
2418
2419
2420
2421
2725
2727
2728
2794
2815
2201
2202
2203
2207
2321
2325
2326
2350
2351
2353
2354
2409
2412
2417
2418
2419
2420
2699
2700
2725
2727
2794
2269
2270
2273
2276
2359
2360
2364
2402
2405
2406
2416
2417
2418
2419
2420
2421
2628
2631
2699
2700
2725
2727
2728
2794
2815
2349
2351
2353
2356
2402
2405
2406
2418
2420
2421
2727
2728
2815
2230
2231
2236
2237
2375
2380
2383
2422
2423
2426
2652
2653
2789
2295
2296
2297
2303
2375
2380
2383
2393
2396
2399
2422
2423
2424
2425
2426
2652
2653
2787
2788
2789
2838
2845
2367
2368
2372
2373
2393
2396
2399
2423
2424
2425
2787
2788
2838
2222
2223
2227
2228
2368
2372
2373
2423
2424
2425
2426
2787
2788
2789
2838
2845
2220
2223
2227
2228
2231
2236
2237
2422
2423
2425
2426
2652
2653
2788
2789
2845
2238
2239
2243
2244
2384
2389
2391
2427
2430
2431
2434
2660
2661
2663
2758
2761
2314
2316
2319
2320
2384
2390
2391
2428
2429
2430
2431
2691
2692
2693
2749
2758
2315
2316
2319
2320
2403
2404
2407
2428
2429
2430
2432
2691
2692
2749
2751
2759
2212
2217
2218
2219
2361
2363
2365
2366
2427
2428
2429
2430
2431
2432
2433
2434
2660
2661
2663
2691
2692
2693
2749
2751
2758
2759
2760
2761
2384
2389
2390
2391
2427
2428
2430
2431
2660
2661
2692
2693
2758
2359
2361
2363
2365
2403
2404
2407
2429
2430
2432
2749
2751
2759
2211
2212
2217
2218
2361
2363
2366
2430
2433
2760
2209
2212
2217
2219
2239
2243
2244
2427
2430
2434
2660
2663
2761
822
823
824
825
2230
2232
2233
2376
2377
2378
2435
2436
2437
2462
2464
2476
68
72
73
74
823
824
825
2435
2436
2437
2439
2462
2464
2476
2477
2487
826
827
828
829
832
833
834
2376
2377
2378
2379
2435
2436
2437
2438
2439
2462
2464
2476
2477
2486
2487
831
832
833
834
2376
2378
2379
2437
2438
2486
69
72
73
74
827
828
829
2436
2437
2439
2476
2477
2487
946
947
948
949
2238
2240
2241
2385
2386
2387
2440
2441
2442
2528
2530
2551
82
85
86
87
947
948
949
2440
2441
2442
2443
2528
2530
2551
2552
2556
950
951
952
953
955
956
957
2385
2386
2387
2440
2441
2442
2443
2528
2530
2551
2552
2556
83
85
86
87
951
952
953
2441
2442
2443
2551
2552
2556
782
783
784
785
2247
2248
2250
2444
2445
2446
2455
2457
2481
61
64
65
66
783
784
785
2444
2445
2446
2448
2455
2457
2481
2482
2561
1021
1025
1026
1027
1028
1029
1030
2247
2248
2250
2251
2444
2445
2446
2447
2448
2455
2457
2481
2482
2560
2561
1023
1025
1026
1027
2247
2250
2251
2446
2447
2560
62
64
65
66
1028
1029
1030
2445
2446
2448
2481
2482
2561
897
901
902
903
905
906
907
2258
2259
2260
2261
2449
2450
2451
2452
2453
2491
2492
2494
2495
2523
2536
899
901
902
903
2258
2259
2260
2449
2450
2491
75
78
79
80
905
906
907
2449
2451
2453
2492
2495
2523
909
910
911
912
2258
2259
2261
2449
2452
2453
2494
2495
2536
76
78
79
80
910
911
912
2449
2451
2452
2453
2492
2494
2495
2523
2536
788
789
790
1075
1076
1077
2248
2249
2253
2454
2458
2470
783
784
785
1032
1033
1034
2444
2445
2446
2455
2457
2481
1036
1037
1038
1068
1069
1071
2456
2457
2460
2483
2485
2564
1031
1032
1033
1034
1036
1037
1038
2247
2248
2250
2255
2444
2445
2446
2455
2456
2457
2459
2460
2481
2483
2485
2563
2564
2871
1075
1076
1077
1078
2248
2249
2253
2255
2454
2458
2459
2470
2670
1067
1068
1070
1071
1075
1077
1078
2248
2250
2253
2255
2457
2458
2459
2460
2563
2564
2670
2871
1068
1069
1070
1071
2456
2457
2459
2460
2483
2485
2563
2564
2871
817
818
819
1109
1110
1111
2233
2235
2236
2461
2465
2474
823
824
825
1041
1042
1043
2435
2436
2437
2462
2464
2476
1045
1046
1047
1114
1115
1117
2463
2464
2467
2478
2480
2490
1040
1041
1042
1043
1045
1046
1047
2376
2377
2378
2382
2435
2436
2437
2462
2463
2464
2466
2467
2476
2478
2480
2489
2490
2775
1108
1109
1110
1111
1114
1116
1117
2230
2233
2235
2236
2377
2380
2382
2461
2465
2466
2467
2474
2651
2654
2775
2377
2378
2380
2382
2464
2465
2466
2467
2489
2490
2651
2654
2775
1114
1115
1116
1117
2463
2464
2465
2466
2467
2478
2480
2489
2490
2651
2654
2775
802
803
804
1092
1093
1094
2224
2225
2226
2468
2469
2472
1086
1087
1088
1089
1092
1093
1094
2221
2224
2225
2226
2249
2252
2253
2468
2469
2470
2472
2620
1074
1075
1076
1077
1081
1082
1083
1087
1088
1089
2248
2249
2252
2253
2454
2458
2469
2470
2620
808
809
810
1103
1104
1106
2234
2235
2237
2471
2473
2475
1092
1093
1094
1095
2224
2225
2226
2228
2468
2469
2472
2473
2622
1091
1093
1094
1095
1097
1098
1099
1103
1104
1106
2220
2225
2226
2228
2234
2235
2237
2471
2472
2473
2475
2622
1102
1104
1105
1106
1109
1110
1111
2233
2235
2236
2237
2461
2465
2474
2475
2653
1103
1104
1105
1106
2234
2235
2236
2237
2471
2473
2474
2475
2653
1041
1042
1043
1044
2435
2436
2437
2439
2462
2464
2476
2477
2487
70
72
73
74
1042
1043
1044
2436
2437
2439
2476
2477
2487
1045
1046
1047
1048
2463
2464
2467
2478
2479
2480
2488
2490
2526
97
101
102
103
1046
1047
1048
2478
2479
2480
2488
2490
2526
98
101
102
103
1114
1115
1117
2463
2464
2467
2478
2479
2480
2488
2490
2526
1032
1033
1034
1035
2444
2445
2446
2448
2455
2457
2481
2482
2561
63
64
65
66
1033
1034
1035
2445
2446
2448
2481
2482
2561
1036
1037
1038
1039
2456
2457
2460
2483
2484
2485
2562
2564
2592
88
92
93
94
1037
1038
1039
2483
2484
2485
2562
2564
2592
89
92
93
94
1068
1069
1071
2456
2457
2460
2483
2484
2485
2562
2564
2592
832
833
834
1128
1129
1130
2376
2378
2379
2382
2437
2438
2486
2489
2507
827
828
829
1042
1043
1044
2436
2437
2439
2476
2477
2487
1046
1047
1048
1121
1122
1124
2478
2479
2480
2488
2490
2526
1120
1121
1123
1124
1128
1129
1130
2377
2378
2379
2382
2464
2466
2467
2486
2489
2490
2507
2775
1121
1122
1123
1124
2463
2464
2466
2467
2478
2479
2480
2488
2489
2490
2526
2775
901
902
903
1211
1212
1214
2258
2259
2260
2265
2449
2450
2491
2497
2516
905
906
907
1050
1051
1053
2449
2451
2453
2492
2495
2523
1054
1055
1057
1217
1218
1220
2493
2496
2498
2524
2525
2550
1049
1050
1052
1053
1054
1056
1057
2258
2259
2261
2265
2449
2452
2453
2494
2495
2496
2497
2498
2536
2537
2538
2539
2550
2864
1050
1051
1052
1053
2449
2451
2452
2453
2492
2494
2495
2523
2536
1054
1055
1056
1057
2493
2494
2496
2498
2524
2525
2537
2539
2550
1210
1211
1212
1214
1217
1219
1220
2259
2260
2261
2265
2491
2494
2497
2498
2516
2538
2539
2864
1217
1218
1219
1220
2493
2494
2496
2497
2498
2524
2525
2537
2538
2539
2550
2864
847
848
849
1151
1152
1153
2298
2299
2301
2499
2501
2504
858
860
861
1156
1157
1159
2188
2189
2192
2500
2502
2510
1150
1151
1152
1153
1156
1158
1159
2185
2188
2190
2192
2298
2299
2301
2499
2501
2502
2504
2596
1156
1157
1158
1159
2188
2189
2190
2192
2500
2501
2502
2510
2596
841
842
843
1134
1135
1136
2299
2300
2302
2503
2505
2506
1144
1145
1146
1147
1151
1152
1153
2298
2299
2301
2302
2499
2501
2504
2505
2594
1133
1134
1135
1136
1139
1140
1141
1145
1146
1147
2299
2300
2301
2302
2503
2504
2505
2506
2594
1134
1135
1136
1137
2295
2299
2300
2302
2379
2381
2382
2503
2505
2506
2507
2679
1127
1128
1129
1130
1135
1136
1137
2378
2379
2381
2382
2486
2489
2506
2507
2679
866
867
868
1167
1168
1169
2204
2205
2206
2508
2509
2512
1167
1168
1169
1170
2204
2205
2206
2208
2508
2509
2510
2512
2610
1155
1156
1157
1159
1162
1163
1164
1167
1169
1170
2187
2188
2189
2192
2202
2204
2206
2208
2410
2415
2500
2502
2509
2510
2610
876
877
878
1178
1179
1181
2322
2323
2325
2511
2513
2519
1166
1167
1168
1169
1172
1173
1174
1178
1180
1181
2201
2204
2205
2206
2322
2324
2325
2508
2509
2512
2513
2608
1178
1179
1180
1181
2322
2323
2324
2325
2511
2512
2513
2519
2608
894
895
896
1205
1206
1207
2333
2334
2335
2514
2515
2521
1204
1205
1206
1207
1212
1213
1214
2256
2260
2264
2265
2333
2334
2335
2514
2515
2516
2521
2712
1211
1212
1213
1214
2259
2260
2264
2265
2491
2497
2515
2516
2712
884
886
887
1194
1195
1196
2271
2272
2273
2517
2518
2520
1183
1184
1185
1186
1189
1190
1191
1194
1195
1196
2271
2272
2273
2274
2517
2518
2519
2520
2628
1177
1178
1179
1181
1184
1185
1186
2267
2271
2273
2274
2322
2323
2325
2511
2513
2518
2519
2628
1194
1195
1196
1197
2271
2272
2273
2275
2517
2518
2520
2521
2522
2629
2630
2711
1193
1195
1196
1197
1200
1201
1202
1205
1206
1207
2333
2334
2335
2336
2514
2515
2520
2521
2522
2629
2630
2711
2268
2272
2273
2275
2334
2335
2336
2520
2521
2522
2629
2630
2711
77
78
79
80
1050
1051
1053
2449
2451
2453
2492
2495
2523
106
110
111
112
1054
1055
1057
2493
2496
2498
2524
2525
2550
107
110
111
112
1217
1218
1220
2493
2496
2498
2524
2525
2550
99
101
102
103
1121
1122
1124
2478
2479
2480
2488
2490
2526
941
942
943
1265
1266
1267
2241
2242
2243
2527
2532
2544
947
948
949
1059
1060
1061
2440
2441
2442
2528
2530
2551
1063
1064
1066
1270
1271
1273
2529
2531
2534
2553
2554
2593
1058
1059
1060
1061
1063
1065
1066
2385
2386
2387
2391
2440
2441
2442
2528
2530
2531
2533
2534
2551
2557
2558
2559
2593
2780
1063
1064
1065
1066
2529
2530
2531
2534
2553
2554
2557
2559
2593
1264
1265
1266
1267
1270
1272
1273
2238
2241
2242
2243
2386
2389
2391
2527
2532
2533
2534
2544
2661
2662
2780
2386
2387
2389
2391
2530
2532
2533
2534
2558
2559
2661
2662
2780
1270
1271
1272
1273
2529
2530
2531
2532
2533
2534
2553
2554
2557
2558
2559
2593
2661
2662
2780
914
915
916
1231
1232
1234
2261
2262
2265
2535
2538
2548
910
911
912
1050
1052
1053
2449
2452
2453
2494
2495
2536
1054
1056
1057
1224
1225
1227
2494
2496
2498
2537
2539
2550
1223
1224
1226
1227
1231
1232
1234
2259
2261
2262
2265
2494
2497
2498
2535
2538
2539
2548
2864
1224
1225
1226
1227
2494
2496
2497
2498
2537
2538
2539
2550
2864
932
934
935
1249
1250
1252
2213
2214
2219
2540
2543
2545
918
920
921
1244
1245
1246
2213
2215
2216
2541
2542
2546
1243
1244
1245
1246
1249
1251
1252
2213
2215
2216
2219
2541
2542
2543
2546
2616
1249
1250
1251
1252
2213
2214
2216
2219
2540
2542
2543
2545
2616
1259
1260
1261
1262
1265
1266
1267
2241
2242
2243
2244
2527
2532
2544
2545
2663
1248
1249
1250
1252
1254
1255
1256
1260
1261
1262
2209
2213
2214
2219
2242
2243
2244
2540
2543
2544
2545
2663
1237
1238
1239
1240
1244
1245
1246
2213
2215
2216
2218
2541
2542
2546
2547
2549
2614
2615
2676
1230
1232
1233
1234
1238
1239
1240
2262
2263
2265
2266
2546
2547
2548
2549
2614
2615
2675
2676
1231
1232
1233
1234
2261
2262
2263
2265
2535
2538
2547
2548
2675
2210
2215
2216
2218
2262
2263
2266
2546
2547
2549
2614
2615
2676
108
110
111
112
1224
1225
1227
2493
2494
2496
2498
2524
2525
2537
2539
2550
1059
1060
1061
1062
2440
2441
2442
2443
2528
2530
2551
2552
2556
84
85
86
87
1060
1061
1062
2441
2442
2443
2551
2552
2556
115
119
120
121
1063
1064
1066
2529
2531
2534
2553
2554
2593
116
119
120
121
1270
1271
1273
2529
2531
2534
2553
2554
2593
955
957
958
1284
1285
1286
2387
2388
2391
2555
2558
2575
951
952
953
1060
1061
1062
2441
2442
2443
2551
2552
2556
1063
1065
1066
1277
1278
1280
2530
2531
2534
2557
2559
2593
1276
1277
1279
1280
1284
1285
1286
2386
2387
2388
2391
2530
2533
2534
2555
2558
2559
2575
2780
1277
1278
1279
1280
2530
2531
2533
2534
2557
2558
2559
2593
2780
1025
1026
1027
1367
1368
1370
2247
2250
2251
2255
2446
2447
2560
2563
2582
1028
1029
1030
1033
1034
1035
2445
2446
2448
2481
2482
2561
1037
1038
1039
1373
1374
1376
2483
2484
2485
2562
2564
2592
1366
1367
1368
1370
1373
1375
1376
2248
2250
2251
2255
2457
2459
2460
2560
2563
2564
2582
2871
1373
1374
1375
1376
2456
2457
2459
2460
2483
2484
2485
2562
2563
2564
2592
2871
974
975
976
1311
1312
1313
2196
2197
2198
2565
2567
2571
970
971
972
1295
1296
1297
2317
2318
2319
2566
2568
2574
1299
1300
1301
1302
1305
1306
1307
1311
1312
1313
2196
2197
2198
2199
2565
2567
2568
2569
2571
2602
2603
2691
1294
1295
1296
1297
1300
1301
1302
2317
2318
2319
2320
2566
2567
2568
2569
2574
2602
2603
2691
2194
2196
2198
2199
2317
2319
2320
2567
2568
2569
2602
2603
2691
986
987
988
1321
1322
1324
2308
2309
2311
2570
2572
2578
1310
1311
1312
1313
1316
1317
1318
2196
2197
2198
2200
2565
2567
2571
2572
2573
2601
2604
2687
1315
1316
1317
1318
1321
1322
1324
2308
2309
2311
2313
2570
2571
2572
2573
2578
2601
2604
2687
2193
2197
2198
2200
2308
2311
2313
2571
2572
2573
2601
2604
2687
1289
1290
1291
1292
1295
1296
1297
2314
2317
2318
2319
2388
2390
2391
2566
2568
2574
2575
2693
1283
1284
1285
1286
1290
1291
1292
2387
2388
2390
2391
2555
2558
2574
2575
2693
990
991
992
1328
1329
1330
2289
2290
2291
2576
2577
2590
1320
1322
1323
1324
1328
1329
1330
2287
2289
2290
2291
2309
2310
2311
2576
2577
2578
2590
2642
1321
1322
1323
1324
2308
2309
2310
2311
2570
2572
2577
2578
2642
1018
1019
1020
1361
1362
1363
2328
2329
2330
2579
2580
2588
1360
1361
1362
1363
1368
1369
1370
2328
2329
2330
2331
2579
2580
2581
2582
2588
2706
2707
2855
2245
2251
2254
2255
2328
2330
2331
2580
2581
2582
2706
2707
2855
1367
1368
1369
1370
2250
2251
2254
2255
2560
2563
2580
2581
2582
2706
2707
2855
1008
1010
1011
1346
1347
1348
2281
2282
2284
2583
2585
2587
999
1001
1002
1338
1339
1342
2281
2283
2285
2584
2586
2591
1337
1338
1340
1342
1346
1347
1348
2281
2282
2284
2285
2583
2585
2586
2587
2637
1338
1339
1340
1342
2281
2283
2284
2285
2584
2585
2586
2591
2637
1345
1346
1347
1348
1351
1352
1353
2281
2282
2284
2286
2583
2585
2587
2588
2589
2636
2638
2706
1350
1351
1352
1353
1356
1357
1358
1361
1362
1363
2328
2329
2330
2331
2579
2580
2587
2588
2589
2636
2638
2706
2278
2282
2284
2286
2329
2330
2331
2587
2588
2589
2636
2638
2706
1327
1328
1329
1330
1333
1334
1335
1339
1341
1342
2289
2290
2291
2293
2576
2577
2590
2591
2644
1338
1339
1341
1342
2277
2281
2283
2285
2290
2291
2293
2584
2586
2590
2591
2644
90
92
93
94
1373
1374
1376
2483
2484
2485
2562
2564
2592
117
119
120
121
1277
1278
1280
2529
2530
2531
2534
2553
2554
2557
2559
2593
1145
1146
1147
1149
2299
2301
2302
2304
2504
2505
2594
2595
2598
2600
2681
2682
2684
2830
2969
2185
2190
2191
2192
2301
2302
2304
2594
2595
2596
2599
2600
2681
2684
2828
2829
2830
2878
3052
1156
1158
1159
1160
2188
2190
2191
2192
2501
2502
2595
2596
2597
2599
2828
2829
2876
2878
2966
1144
1146
1148
1149
1150
1153
1154
1158
1159
1160
2596
2597
2598
2599
2600
2876
2878
2964
2966
2967
2969
3052
1146
1147
1148
1149
2594
2597
2598
2600
2682
2684
2964
2967
2969
2595
2596
2597
2599
2600
2828
2829
2830
2876
2878
2966
2967
3052
2594
2595
2597
2598
2599
2600
2681
2682
2684
2829
2830
2964
2966
2967
2969
3052
1316
1317
1318
1319
2571
2572
2573
2601
2604
2606
2687
2688
2911
1300
1301
1302
1303
2567
2568
2569
2602
2603
2605
2691
2694
2753
2196
2198
2199
2200
2567
2568
2569
2602
2603
2604
2605
2607
2691
2694
2752
2753
2754
2912
3028
2197
2198
2199
2200
2571
2572
2573
2601
2603
2604
2606
2607
2687
2688
2752
2754
2911
2912
3031
1299
1301
1302
1303
1307
1308
1309
2602
2603
2605
2606
2607
2691
2694
2753
2754
3026
3028
3031
1305
1307
1308
1309
1310
1313
1314
1317
1318
1319
2601
2604
2605
2606
2607
2687
2688
2911
2912
3026
3028
3031
2603
2604
2605
2606
2607
2752
2753
2754
2911
2912
3026
3028
3031
1178
1180
1181
1182
2322
2324
2325
2326
2512
2513
2608
2609
2612
2699
2701
2796
2201
2206
2207
2208
2324
2325
2326
2608
2609
2610
2612
2613
2699
2701
2795
2796
2797
2879
2975
1167
1169
1170
1171
2204
2206
2207
2208
2509
2510
2609
2610
2611
2613
2795
2797
2877
2879
2973
1166
1169
1170
1171
1174
1175
1176
2610
2611
2612
2613
2877
2879
2972
2973
2975
1172
1174
1175
1176
1180
1181
1182
2608
2609
2611
2612
2613
2699
2701
2796
2797
2972
2973
2975
2609
2610
2611
2612
2613
2795
2796
2797
2877
2879
2972
2973
2975
1238
1239
1240
1242
2546
2547
2549
2614
2615
2618
2676
2677
2885
2215
2216
2218
2219
2546
2547
2549
2614
2615
2616
2618
2619
2676
2677
2884
2885
2886
2918
3009
1249
1251
1252
1253
2213
2216
2218
2219
2542
2543
2615
2616
2617
2619
2884
2886
2916
2918
3005
1237
1239
1241
1242
1243
1246
1247
1251
1252
1253
2616
2617
2618
2619
2916
2918
3004
3005
3009
1239
1240
1241
1242
2614
2615
2617
2618
2619
2676
2677
2885
2886
3004
3005
3009
2615
2616
2617
2618
2619
2884
2885
2886
2916
2918
3004
3005
3009
1087
1088
1089
1090
2249
2252
2253
2254
2469
2470
2620
2623
2624
2625
2627
2669
2672
2673
2674
2859
2933
2935
2226
2227
2228
2229
2621
2622
2623
2626
2845
2846
2847
2852
2858
1093
1094
1095
1096
2225
2226
2227
2228
2472
2473
2621
2622
2625
2626
2845
2847
2850
2852
2937
2221
2226
2227
2229
2252
2253
2254
2620
2621
2623
2626
2627
2669
2674
2846
2847
2858
2859
3066
2620
2624
2625
2626
2627
2672
2673
2674
2933
2934
2935
2937
3066
1086
1088
1089
1090
1094
1095
1096
2620
2622
2624
2625
2626
2672
2673
2850
2852
2933
2934
2937
2621
2622
2623
2624
2625
2626
2627
2845
2846
2847
2850
2852
2858
2859
2933
2934
2935
2937
3066
2620
2623
2624
2626
2627
2669
2672
2674
2858
2859
2934
2935
3066
1184
1185
1186
1188
2270
2271
2273
2274
2416
2417
2420
2518
2519
2628
2631
2632
2634
2635
2700
2702
2703
2705
2820
2982
3084
1195
1196
1197
1199
2520
2521
2522
2629
2630
2633
2711
2715
2745
2272
2273
2275
2276
2520
2521
2522
2629
2630
2631
2633
2634
2711
2715
2742
2745
2746
2817
2984
2270
2273
2275
2276
2416
2417
2420
2628
2630
2631
2634
2635
2700
2705
2742
2746
2817
2820
3084
1183
1185
1186
1188
1189
1191
1192
1196
1198
1199
2628
2632
2633
2634
2702
2703
2981
2982
2984
1196
1197
1198
1199
2629
2630
2632
2633
2634
2711
2715
2745
2746
2981
2982
2984
2628
2630
2631
2632
2633
2634
2635
2702
2703
2705
2742
2745
2746
2817
2820
2981
2982
2984
3084
2628
2631
2634
2635
2700
2703
2705
2817
2820
3084
1351
1352
1353
1355
2587
2588
2589
2636
2638
2640
2706
2709
2857
1338
1340
1342
1343
2281
2284
2285
2286
2585
2586
2637
2638
2639
2641
2803
2804
2806
2860
3044
2282
2284
2285
2286
2587
2588
2589
2636
2637
2638
2640
2641
2706
2709
2803
2806
2857
2860
3045
1337
1340
1342
1343
1345
1348
1349
1352
1354
1355
2637
2639
2640
2641
2804
2806
3042
3044
3045
1352
1353
1354
1355
2636
2638
2639
2640
2641
2706
2709
2857
2860
3042
3044
3045
2637
2638
2639
2640
2641
2803
2804
2806
2857
2860
3042
3044
3045
1322
1323
1324
1326
2309
2310
2311
2312
2577
2578
2642
2645
2646
2649
2686
2689
2690
2893
3037
2291
2292
2293
2294
2643
2644
2645
2650
2718
2722
2723
2808
2894
1339
1341
1342
1344
2290
2291
2292
2293
2590
2591
2643
2644
2647
2648
2650
2718
2723
2805
2807
2808
3048
3090
2287
2291
2292
2294
2310
2311
2312
2642
2643
2645
2648
2649
2650
2686
2690
2722
2723
2892
2893
2894
3089
3090
1320
1323
1324
1326
1330
1331
1332
2642
2646
2647
2648
2649
2689
2690
3035
3036
3037
3048
3089
1327
1330
1331
1332
1333
1335
1336
1341
1342
1344
2644
2646
2647
2648
2805
2807
3035
3036
3048
2644
2645
2646
2647
2648
2649
2650
2805
2807
2808
2892
2893
2894
3035
3036
3037
3048
3089
3090
2642
2645
2646
2648
2649
2686
2689
2690
2892
2893
3036
3037
3089
2643
2644
2645
2648
2650
2718
2722
2723
2807
2808
2892
2894
3090
2377
2380
2382
2383
2465
2466
2467
2651
2652
2654
2655
2658
2774
2775
2776
2779
2791
2896
2931
2375
2380
2382
2383
2422
2423
2426
2651
2652
2653
2658
2659
2774
2779
2789
2791
2792
2854
3115
1104
1105
1106
1107
2231
2235
2236
2237
2422
2423
2426
2474
2475
2652
2653
2656
2657
2659
2789
2792
2851
2853
2854
2939
3070
1114
1116
1117
1118
2465
2466
2467
2651
2654
2655
2775
2776
2896
1108
1111
1112
1113
1116
1117
1118
2651
2654
2655
2656
2657
2658
2775
2776
2779
2896
2926
2930
2931
2939
3069
1102
1105
1106
1107
1111
1112
1113
2653
2655
2656
2657
2851
2853
2926
2930
2939
2653
2655
2656
2657
2658
2659
2851
2853
2854
2926
2930
2931
2939
3069
3070
3115
2651
2652
2655
2657
2658
2659
2774
2776
2779
2791
2792
2930
2931
3069
3070
3115
2652
2653
2657
2658
2659
2789
2791
2792
2853
2854
3069
3070
3115
2427
2430
2431
2434
2660
2661
2663
2668
2758
2761
2764
2785
2919
2384
2386
2389
2391
2427
2430
2431
2532
2533
2534
2660
2661
2662
2664
2667
2668
2758
2764
2780
2781
2784
2785
2900
2996
3117
1270
1272
1273
1274
2532
2533
2534
2661
2662
2664
2780
2781
2900
1260
1261
1262
1263
2239
2242
2243
2244
2427
2430
2434
2544
2545
2660
2663
2665
2668
2761
2764
2917
2919
3008
1264
1267
1268
1269
1272
1273
1274
2661
2662
2664
2665
2666
2667
2780
2781
2784
2900
2990
2995
2996
3007
3072
1259
1261
1262
1263
1267
1268
1269
2663
2664
2665
2666
2668
2917
2919
2990
2995
3007
3008
3073
2664
2665
2666
2667
2668
2990
2995
2996
3007
3008
3072
3073
3117
2661
2664
2666
2667
2668
2781
2784
2785
2995
2996
3072
3073
3117
2660
2661
2663
2665
2666
2667
2668
2758
2761
2764
2784
2785
2917
2919
3007
3008
3072
3073
3117
2252
2253
2254
2255
2620
2623
2627
2669
2670
2674
2855
2859
2875
1075
1077
1078
1079
2248
2253
2254
2255
2458
2459
2669
2670
2671
2674
2855
2859
2872
2875
2924
1077
1078
1079
1080
2670
2671
2672
2674
2872
2875
2920
2924
2935
1074
1077
1079
1080
1083
1084
1085
2620
2624
2625
2627
2671
2672
2673
2674
2920
2924
2933
2935
1081
1083
1084
1085
1088
1089
1090
2620
2624
2625
2672
2673
2933
2620
2623
2624
2627
2669
2670
2671
2672
2674
2855
2859
2872
2875
2920
2924
2935
1232
1233
1234
1236
2262
2263
2265
2266
2547
2548
2675
2676
2677
2678
2863
2868
2870
2887
3010
2262
2263
2265
2266
2546
2547
2549
2614
2615
2618
2675
2676
2677
2678
2863
2870
2885
2887
3010
1230
1233
1234
1236
1239
1240
1242
2614
2615
2618
2675
2676
2677
2678
2868
2870
2885
2887
3010
2675
2676
2677
2678
2863
2868
2870
2885
2887
3010
1135
1136
1137
1138
2379
2381
2382
2383
2506
2507
2679
2680
2683
2685
2774
2778
2779
2791
2971
2295
2302
2303
2304
2381
2382
2383
2679
2680
2681
2684
2685
2774
2779
2786
2790
2791
2830
3091
2301
2302
2303
2304
2594
2595
2600
2680
2681
2684
2786
2790
2830
1139
1141
1142
1143
1146
1147
1149
2594
2598
2600
2682
2683
2684
2685
2968
2969
2970
2971
3091
1133
1136
1137
1138
1141
1142
1143
2679
2682
2683
2685
2778
2779
2968
2970
2971
2594
2595
2598
2600
2680
2681
2682
2684
2685
2786
2790
2791
2830
2969
2970
3091
2679
2680
2682
2683
2684
2685
2774
2778
2779
2790
2791
2968
2969
2970
2971
3091
2310
2311
2312
2313
2642
2645
2649
2686
2687
2690
2891
2893
2913
2308
2311
2312
2313
2571
2572
2573
2601
2604
2606
2686
2687
2688
2690
2891
2893
2911
2913
3032
1315
1317
1318
1319
1324
1325
1326
2601
2604
2606
2687
2688
2689
2690
2911
2913
3030
3032
3037
1323
1324
1325
1326
2642
2646
2649
2688
2689
2690
3030
3032
3037
2642
2645
2646
2649
2686
2687
2688
2689
2690
2891
2893
2911
2913
3030
3032
3037
2316
2317
2319
2320
2428
2429
2430
2567
2568
2569
2602
2603
2605
2691
2692
2694
2696
2698
2749
2753
2755
2757
2764
3029
3099
2428
2429
2430
2431
2691
2692
2693
2698
2749
2757
2758
2764
2785
1290
1291
1292
1293
2384
2388
2390
2391
2428
2430
2431
2574
2575
2692
2693
2695
2697
2698
2758
2764
2783
2784
2785
3034
3117
1301
1302
1303
1304
2602
2603
2605
2691
2694
2695
2696
2753
2755
3027
3029
3033
1289
1291
1292
1293
1294
1297
1298
1302
1303
1304
2693
2694
2695
2696
2697
2783
2784
3027
3029
3033
3034
3097
2691
2694
2695
2696
2697
2698
2753
2755
2757
3027
3029
3033
3034
3097
3099
3117
2693
2695
2696
2697
2698
2783
2784
2785
3033
3034
3097
3099
3117
2691
2692
2693
2696
2697
2698
2749
2755
2757
2758
2764
2784
2785
3097
3099
3117
2321
2324
2325
2326
2417
2419
2420
2608
2609
2612
2699
2700
2701
2704
2705
2794
2796
2798
2801
2820
2976
3100
2416
2417
2419
2420
2628
2631
2635
2699
2700
2705
2794
2801
2820
1177
1180
1181
1182
1186
1187
1188
2608
2609
2612
2699
2701
2702
2704
2796
2798
2974
2976
2983
1185
1186
1187
1188
2628
2632
2634
2701
2702
2703
2704
2974
2976
2982
2983
3081
2628
2632
2634
2635
2702
2703
2704
2705
2982
2983
3081
3084
3100
2699
2701
2702
2703
2704
2705
2796
2798
2801
2974
2976
2982
2983
3081
3084
3100
2628
2631
2634
2635
2699
2700
2703
2704
2705
2794
2798
2801
2820
3081
3084
3100
2328
2329
2330
2331
2580
2581
2582
2587
2588
2589
2636
2638
2640
2706
2707
2708
2709
2710
2855
2856
2857
2861
2874
3040
3046
1368
1369
1370
1372
2580
2581
2582
2706
2707
2708
2855
2856
2874
1360
1363
1364
1365
1369
1370
1372
2706
2707
2708
2709
2710
2855
2856
2861
2874
3038
3040
3046
1350
1352
1353
1355
1356
1358
1359
1363
1364
1365
2636
2638
2640
2706
2708
2709
2710
2857
2861
3038
3040
3046
2706
2708
2709
2710
2856
2857
2861
3038
3040
3046
2334
2335
2336
2337
2520
2521
2522
2629
2630
2633
2711
2713
2715
2717
2744
2745
2747
2888
2985
1212
1213
1214
1216
2260
2264
2265
2266
2515
2516
2712
2713
2714
2716
2863
2866
2870
2887
2978
2256
2264
2265
2266
2335
2336
2337
2711
2712
2713
2716
2717
2744
2747
2863
2870
2887
2888
3078
1204
1207
1208
1209
1213
1214
1216
2712
2714
2715
2716
2717
2866
2870
2977
2978
2979
2985
3078
1193
1196
1197
1199
1200
1202
1203
1207
1208
1209
2629
2630
2633
2711
2714
2715
2717
2745
2747
2977
2979
2985
2712
2713
2714
2716
2717
2863
2866
2870
2887
2888
2978
2979
3078
2711
2713
2714
2715
2716
2717
2744
2745
2747
2887
2888
2977
2978
2979
2985
3078
2288
2291
2292
2293
2342
2344
2346
2643
2644
2650
2718
2720
2723
2802
2808
2835
2338
2342
2345
2347
2352
2355
2357
2719
2721
2722
2723
2724
2810
2811
2812
2813
2842
2895
3103
2342
2344
2346
2347
2718
2720
2721
2723
2802
2808
2834
2835
2842
2342
2345
2346
2347
2719
2720
2721
2723
2810
2812
2834
2835
2842
2288
2291
2292
2294
2338
2342
2348
2352
2355
2357
2643
2645
2650
2719
2722
2723
2724
2811
2813
2894
2895
3103
2643
2644
2645
2650
2718
2719
2720
2721
2722
2723
2724
2802
2808
2810
2812
2813
2834
2835
2842
2894
2895
3103
2719
2722
2723
2724
2811
2812
2813
2894
2895
3103
2351
2353
2354
2355
2418
2419
2420
2725
2726
2727
2731
2732
2793
2794
2799
2801
2813
2820
3109
2353
2354
2355
2357
2725
2726
2729
2731
2793
2799
2811
2813
2895
2418
2419
2420
2421
2725
2727
2728
2732
2794
2801
2815
2820
2825
2351
2353
2356
2358
2418
2420
2421
2727
2728
2730
2731
2732
2815
2820
2822
2823
2825
2914
3109
2353
2355
2357
2358
2726
2729
2730
2731
2811
2813
2891
2895
2914
2353
2356
2357
2358
2728
2729
2730
2731
2822
2823
2891
2895
2914
2725
2726
2728
2729
2730
2731
2732
2793
2799
2801
2811
2813
2822
2823
2825
2891
2895
2914
3109
2725
2727
2728
2731
2732
2794
2799
2801
2815
2820
2823
2825
3109
2339
2343
2344
2346
2369
2370
2374
2733
2734
2737
2738
2739
2802
2803
2808
2809
2835
2862
3104
2339
2343
2344
2346
2367
2369
2371
2394
2398
2399
2733
2734
2735
2738
2739
2740
2802
2808
2833
2835
2836
2837
2840
3104
3113
2367
2369
2372
2373
2394
2398
2399
2734
2735
2736
2739
2740
2833
2837
2838
2839
2840
2848
3113
2369
2372
2373
2374
2735
2736
2737
2739
2838
2839
2846
2848
2862
2369
2370
2373
2374
2733
2736
2737
2739
2803
2809
2846
2848
2862
2733
2734
2738
2739
2802
2808
2809
2835
2836
3104
2733
2734
2735
2736
2737
2738
2739
2740
2803
2808
2809
2835
2836
2837
2838
2839
2840
2846
2848
2862
3104
3113
2734
2735
2739
2740
2833
2836
2837
2839
2840
3113
2362
2363
2365
2366
2741
2743
2744
2748
2759
2760
2763
2881
2889
2269
2273
2275
2276
2362
2364
2365
2630
2631
2634
2742
2743
2746
2748
2816
2817
2818
2881
3083
2362
2363
2364
2365
2741
2742
2743
2748
2759
2763
2816
2818
2881
2332
2335
2336
2337
2362
2363
2366
2711
2713
2717
2741
2744
2747
2748
2760
2763
2888
2889
3102
2629
2630
2633
2634
2711
2715
2717
2745
2746
2747
2984
2985
3082
2630
2631
2633
2634
2742
2745
2746
2747
2748
2817
2818
2984
2985
3082
3083
3102
2711
2713
2715
2717
2744
2745
2746
2747
2748
2888
2889
2984
2985
3082
3083
3102
2741
2742
2743
2744
2746
2747
2748
2759
2760
2763
2816
2817
2818
2881
2888
2889
3082
3083
3102
2428
2429
2430
2432
2691
2692
2698
2749
2751
2757
2759
2764
2883
2404
2406
2407
2408
2750
2751
2752
2756
2821
2822
2824
2882
2915
2403
2404
2406
2407
2429
2430
2432
2749
2750
2751
2756
2757
2759
2764
2821
2824
2882
2883
3122
2195
2198
2199
2200
2404
2406
2408
2603
2604
2607
2750
2752
2754
2756
2822
2824
2912
2915
3057
2602
2603
2605
2607
2691
2694
2696
2753
2754
2755
3028
3029
3056
2603
2604
2605
2607
2752
2753
2754
2755
2756
2912
2915
3028
3029
3056
3057
3098
2691
2694
2696
2698
2753
2754
2755
2756
2757
3028
3029
3056
3057
3098
3099
3122
2750
2751
2752
2754
2755
2756
2757
2821
2822
2824
2882
2883
2912
2915
3056
3057
3098
3099
3122
2691
2692
2696
2698
2749
2751
2755
2756
2757
2759
2764
2882
2883
3098
3099
3122
2427
2428
2430
2431
2660
2661
2668
2692
2693
2698
2758
2764
2785
2361
2362
2363
2365
2429
2430
2432
2741
2743
2748
2749
2751
2757
2759
2763
2764
2881
2883
3112
2212
2217
2218
2219
2361
2362
2363
2366
2430
2433
2741
2744
2748
2760
2761
2762
2763
2764
2884
2886
2889
2890
2918
3064
3112
2212
2217
2218
2219
2427
2430
2434
2660
2663
2668
2760
2761
2762
2764
2884
2886
2918
2919
3064
2760
2761
2762
2764
2884
2886
2890
2918
2919
3064
2741
2743
2744
2748
2759
2760
2763
2764
2881
2883
2889
2890
3112
2660
2661
2663
2668
2691
2692
2693
2698
2749
2751
2757
2758
2759
2760
2761
2762
2763
2764
2785
2881
2883
2886
2889
2890
2918
2919
3064
3112
2411
2412
2413
2415
2765
2766
2770
2773
2793
2795
2800
2814
2880
2411
2412
2413
2414
2765
2766
2769
2773
2793
2800
2810
2814
2844
2395
2397
2398
2401
2767
2768
2770
2771
2772
2826
2828
2829
2831
2837
2878
3053
2395
2397
2398
2400
2767
2768
2769
2772
2826
2831
2834
2837
2843
2392
2395
2398
2400
2411
2413
2414
2766
2768
2769
2772
2773
2810
2814
2834
2837
2843
2844
3119
2392
2395
2397
2401
2411
2412
2415
2765
2767
2770
2771
2773
2795
2800
2828
2829
2878
2880
3054
2767
2770
2771
2772
2773
2828
2829
2831
2878
2880
3053
3054
3119
2767
2768
2769
2771
2772
2773
2826
2829
2831
2834
2837
2843
2844
3053
3054
3119
2765
2766
2769
2770
2771
2772
2773
2793
2795
2800
2810
2814
2843
2844
2878
2880
3053
3054
3119
2380
2381
2382
2383
2651
2652
2658
2679
2680
2685
2774
2779
2791
1121
1123
1124
1125
2464
2465
2466
2467
2489
2490
2651
2654
2655
2775
2776
2777
2896
2898
2929
2651
2654
2655
2658
2775
2776
2777
2779
2896
2898
2929
2931
2954
1120
1123
1124
1125
1130
1131
1132
2775
2776
2777
2778
2779
2896
2898
2929
2931
2951
2954
2971
1127
1130
1131
1132
1136
1137
1138
2679
2683
2685
2777
2778
2779
2951
2954
2971
2651
2652
2655
2658
2679
2680
2683
2685
2774
2776
2777
2778
2779
2791
2929
2931
2951
2954
2971
1277
1279
1280
1281
2530
2532
2533
2534
2558
2559
2661
2662
2664
2780
2781
2782
2900
2902
2993
2661
2662
2664
2667
2780
2781
2782
2784
2900
2902
2993
2996
3019
1276
1279
1280
1281
1286
1287
1288
2780
2781
2782
2783
2784
2900
2902
2993
2996
3016
3019
3034
1283
1286
1287
1288
1291
1292
1293
2693
2695
2697
2782
2783
2784
3016
3019
3034
2661
2664
2667
2668
2693
2695
2697
2698
2781
2782
2783
2784
2785
2993
2996
3016
3019
3034
3117
2660
2661
2667
2668
2692
2693
2697
2698
2758
2764
2784
2785
3117
2296
2302
2303
2304
2396
2397
2399
2680
2681
2684
2786
2787
2790
2792
2827
2830
2832
2841
3093
2393
2396
2397
2399
2423
2424
2425
2786
2787
2788
2792
2827
2832
2838
2841
2849
2423
2424
2425
2426
2787
2788
2789
2792
2838
2841
2845
2849
2854
2422
2423
2425
2426
2652
2653
2659
2788
2789
2792
2845
2849
2854
2680
2681
2684
2685
2786
2790
2791
2792
2830
2832
3091
3093
3115
2651
2652
2658
2659
2679
2680
2684
2685
2774
2779
2790
2791
2792
3091
3093
3115
2652
2653
2658
2659
2786
2787
2788
2789
2790
2791
2792
2827
2830
2832
2838
2841
2845
2849
2854
3091
3093
3115
2350
2353
2354
2355
2411
2412
2413
2725
2726
2731
2765
2766
2773
2793
2799
2800
2813
2814
3108
2417
2418
2419
2420
2699
2700
2705
2725
2727
2732
2794
2801
2820
2202
2206
2207
2208
2411
2412
2415
2609
2610
2613
2765
2770
2773
2795
2797
2800
2879
2880
3059
2608
2609
2612
2613
2699
2701
2704
2796
2797
2798
2975
2976
3058
2609
2610
2612
2613
2795
2796
2797
2798
2800
2801
2879
2880
2975
2976
3058
3059
3060
3100
3123
2699
2701
2704
2705
2796
2797
2798
2801
2975
2976
3058
3060
3100
2725
2726
2731
2732
2793
2799
2800
2801
2813
2814
3108
3109
3123
2765
2766
2770
2773
2793
2795
2797
2799
2800
2801
2813
2814
2879
2880
3059
3060
3108
3109
3123
2699
2700
2704
2705
2725
2727
2731
2732
2794
2797
2798
2799
2800
2801
2820
3058
3059
3060
3100
3108
3109
3123
2342
2343
2344
2346
2718
2720
2723
2733
2734
2738
2802
2808
2835
2280
2284
2285
2286
2369
2370
2374
2637
2638
2641
2733
2737
2739
2803
2806
2809
2860
2862
3088
1340
1342
1343
1344
2637
2639
2641
2804
2805
2806
3043
3044
3047
1341
1342
1343
1344
2644
2647
2648
2804
2805
2806
2807
3043
3044
3047
3048
3085
2637
2638
2639
2641
2803
2804
2805
2806
2807
2808
2809
2860
2862
3043
3044
3047
3048
3085
3087
3088
3090
3104
2644
2647
2648
2650
2805
2806
2807
2808
3047
3048
3085
3087
3090
2643
2644
2648
2650
2718
2720
2723
2733
2734
2738
2739
2802
2806
2807
2808
2809
2835
3085
3087
3088
3090
3104
2733
2737
2738
2739
2803
2806
2808
2809
2860
2862
3087
3088
3104
2341
2342
2345
2347
2411
2413
2414
2719
2721
2723
2766
2769
2773
2810
2812
2814
2842
2844
3106
2352
2353
2355
2357
2719
2722
2724
2726
2729
2731
2811
2813
2895
2719
2721
2723
2724
2810
2812
2813
2814
2842
2844
3103
3106
3108
2719
2722
2723
2724
2725
2726
2729
2731
2793
2799
2800
2811
2812
2813
2814
2895
3103
3106
3108
2765
2766
2769
2773
2793
2799
2800
2810
2812
2813
2814
2842
2844
3103
3106
3108
2402
2405
2406
2407
2418
2420
2421
2727
2728
2732
2815
2816
2819
2820
2821
2824
2825
2882
3121
2359
2362
2364
2365
2405
2406
2407
2742
2743
2748
2815
2816
2818
2819
2821
2824
2881
2882
3110
2630
2631
2634
2635
2742
2746
2748
2817
2818
2820
3083
3084
3111
2742
2743
2746
2748
2816
2817
2818
2819
2820
2881
2882
3083
3084
3110
3111
3121
2815
2816
2818
2819
2820
2821
2824
2825
2881
2882
3110
3111
3121
2628
2631
2634
2635
2699
2700
2705
2725
2727
2728
2732
2794
2801
2815
2817
2818
2819
2820
2824
2825
3083
3084
3110
3111
3121
2404
2405
2406
2407
2750
2751
2756
2815
2816
2819
2821
2824
2882
2349
2353
2356
2358
2404
2406
2408
2728
2730
2731
2750
2752
2756
2822
2823
2824
2914
2915
3107
2728
2730
2731
2732
2822
2823
2824
2825
2914
2915
3107
3109
3121
2750
2751
2752
2756
2815
2816
2819
2820
2821
2822
2823
2824
2825
2882
2914
2915
3107
3109
3121
2727
2728
2731
2732
2815
2819
2820
2823
2824
2825
3107
3109
3121
2395
2397
2398
2399
2767
2768
2772
2826
2827
2831
2833
2837
2840
2396
2397
2398
2399
2786
2787
2792
2826
2827
2831
2832
2833
2837
2840
2841
3120
2186
2190
2191
2192
2395
2397
2401
2595
2596
2599
2767
2770
2771
2828
2829
2878
2595
2596
2599
2600
2767
2770
2771
2772
2828
2829
2830
2831
2878
3052
3053
3092
2594
2595
2599
2600
2680
2681
2684
2786
2790
2792
2829
2830
2831
2832
3052
3053
3092
3093
3120
2767
2768
2771
2772
2826
2827
2829
2830
2831
2832
2833
2837
2840
2841
3052
3053
3092
3093
3120
2786
2787
2790
2792
2827
2830
2831
2832
2840
2841
3092
3093
3120
2394
2397
2398
2399
2734
2735
2740
2826
2827
2831
2833
2837
2840
2340
2342
2346
2347
2395
2398
2400
2720
2721
2723
2768
2769
2772
2834
2835
2837
2842
2843
3105
2718
2720
2721
2723
2733
2734
2738
2739
2802
2808
2834
2835
2836
2837
2842
2843
3104
3105
3113
2734
2738
2739
2740
2835
2836
2837
3104
3105
3113
2734
2735
2739
2740
2767
2768
2769
2772
2826
2827
2831
2833
2834
2835
2836
2837
2840
2842
2843
3104
3105
3113
2368
2369
2372
2373
2423
2424
2425
2735
2736
2739
2787
2788
2792
2838
2839
2841
2848
2849
3114
2735
2736
2739
2740
2838
2839
2840
2841
2848
2849
3113
3114
3120
2734
2735
2739
2740
2826
2827
2831
2832
2833
2837
2839
2840
2841
3113
3114
3120
2786
2787
2788
2792
2827
2831
2832
2838
2839
2840
2841
2848
2849
3113
3114
3120
2719
2720
2721
2723
2810
2812
2814
2834
2835
2837
2842
2843
2844
3105
3106
3119
2768
2769
2772
2773
2834
2835
2837
2842
2843
2844
3105
3106
3119
2766
2769
2772
2773
2810
2812
2814
2842
2843
2844
3105
3106
3119
2223
2226
2227
2228
2423
2425
2426
2621
2622
2626
2788
2789
2792
2845
2847
2849
2852
2854
3068
2222
2226
2227
2229
2369
2373
2374
2621
2623
2626
2736
2737
2739
2846
2847
2848
2858
2862
3067
2621
2622
2623
2626
2845
2846
2847
2848
2849
2852
2854
2858
2862
3067
3068
3114
2735
2736
2737
2739
2838
2839
2841
2846
2847
2848
2849
2858
2862
3067
3068
3114
2787
2788
2789
2792
2838
2839
2841
2845
2847
2848
2849
2852
2854
3067
3068
3114
1091
1094
1095
1096
1099
1100
1101
2622
2625
2626
2850
2851
2852
2936
2937
2938
1097
1099
1100
1101
1105
1106
1107
2653
2656
2657
2850
2851
2852
2853
2854
2936
2937
2938
2939
2940
3068
3070
2621
2622
2625
2626
2845
2847
2849
2850
2851
2852
2854
2936
2937
2938
2940
3068
2653
2656
2657
2659
2851
2853
2854
2939
2940
3070
2652
2653
2657
2659
2788
2789
2792
2845
2847
2849
2851
2852
2853
2854
2938
2939
2940
3068
3070
2251
2253
2254
2255
2580
2581
2582
2669
2670
2674
2706
2707
2708
2855
2856
2859
2874
2875
3039
2706
2707
2708
2710
2855
2856
2859
2861
2874
2875
3039
3040
3075
2636
2638
2640
2641
2706
2709
2710
2857
2860
2861
3045
3046
3086
2621
2623
2626
2627
2846
2847
2848
2858
2859
2862
3066
3067
3076
2620
2623
2626
2627
2669
2670
2674
2855
2856
2858
2859
2861
2862
2874
2875
3039
3040
3066
3067
3075
3076
3101
2637
2638
2640
2641
2803
2806
2809
2857
2860
2861
2862
3045
3046
3086
3088
3101
2706
2708
2709
2710
2856
2857
2859
2860
2861
2862
3039
3040
3045
3046
3075
3076
3086
3088
3101
2733
2736
2737
2739
2803
2806
2809
2846
2847
2848
2858
2859
2860
2861
2862
3066
3067
3075
3076
3086
3088
3101
2263
2264
2265
2266
2675
2676
2678
2712
2713
2716
2863
2870
2887
1217
1219
1220
1221
1224
1226
1227
1229
2494
2497
2498
2538
2539
2864
2865
2869
2908
2910
2960
1210
1214
1215
1216
1219
1220
1221
2864
2865
2866
2867
2869
2870
2908
2910
2956
2959
2960
2962
2978
2999
3001
1213
1214
1215
1216
2712
2714
2716
2865
2866
2870
2956
2962
2978
1223
1226
1228
1229
1234
1235
1236
2865
2867
2868
2869
2870
2959
2960
2962
2998
2999
3001
3010
1233
1234
1235
1236
2675
2677
2678
2867
2868
2870
2998
3001
3010
1226
1227
1228
1229
2864
2865
2867
2869
2908
2910
2959
2960
2999
2675
2676
2677
2678
2712
2713
2714
2716
2863
2865
2866
2867
2868
2870
2887
2956
2959
2962
2978
2998
3001
3010
1068
1070
1071
1072
1373
1375
1376
1377
2457
2459
2460
2563
2564
2871
2872
2873
2904
2906
2923
1067
1070
1071
1072
1077
1078
1079
2670
2671
2674
2871
2872
2873
2875
2904
2906
2923
2924
3024
1366
1370
1371
1372
1375
1376
1377
2871
2872
2873
2874
2875
2904
2906
2923
2924
3021
3024
3039
1369
1370
1371
1372
2706
2707
2708
2855
2856
2859
2873
2874
2875
3021
3024
3039
2669
2670
2671
2674
2855
2856
2859
2872
2873
2874
2875
2923
2924
3021
3024
3039
1158
1159
1160
1161
1480
1481
1482
1483
2596
2597
2599
2876
2877
2878
2965
2966
1155
1159
1160
1161
1162
1164
1165
1169
1170
1171
1480
1481
1482
1484
2610
2611
2613
2876
2877
2879
2965
2973
1480
1481
1483
1484
2595
2596
2597
2599
2767
2770
2771
2773
2828
2829
2876
2878
2879
2880
2966
3051
3054
3059
1480
1482
1483
1484
2609
2610
2611
2613
2795
2797
2800
2877
2878
2879
2880
2973
3051
3054
3059
2765
2770
2771
2773
2795
2797
2800
2878
2879
2880
3051
3054
3059
2741
2742
2743
2748
2759
2763
2764
2816
2818
2819
2881
2882
2883
3110
3112
3122
2750
2751
2756
2757
2815
2816
2818
2819
2821
2824
2881
2882
2883
3110
3112
3122
2749
2751
2756
2757
2759
2763
2764
2881
2882
2883
3110
3112
3122
2216
2217
2218
2219
2615
2616
2619
2760
2761
2762
2884
2886
2918
2614
2615
2618
2619
2676
2677
2678
2885
2886
2887
3009
3010
3062
2615
2616
2618
2619
2760
2761
2762
2764
2884
2885
2886
2887
2889
2890
2918
3009
3010
3062
3063
3064
3079
3112
2675
2676
2677
2678
2712
2713
2716
2717
2863
2870
2885
2886
2887
2888
2889
3009
3010
3062
3063
3078
3079
3102
2711
2713
2716
2717
2744
2747
2748
2887
2888
2889
3078
3079
3102
2741
2744
2747
2748
2760
2763
2764
2886
2887
2888
2889
2890
3062
3063
3064
3078
3079
3102
3112
2760
2762
2763
2764
2886
2889
2890
3063
3064
3112
2306
2311
2312
2313
2353
2357
2358
2686
2687
2690
2729
2730
2731
2891
2893
2895
2913
2914
3095
2645
2648
2649
2650
2892
2893
2894
3089
3090
3094
2642
2645
2648
2649
2686
2687
2690
2891
2892
2893
2894
2895
2913
2914
3089
3090
3094
3095
3103
2643
2645
2648
2650
2722
2723
2724
2892
2893
2894
2895
3089
3090
3094
3095
3103
2719
2722
2723
2724
2726
2729
2730
2731
2811
2813
2891
2893
2894
2895
2913
2914
3094
3095
3103
1116
1117
1118
1119
2651
2654
2655
2775
2776
2777
2896
2897
2898
2927
2929
2941
98
103
104
105
1117
1118
1119
2896
2897
2898
2899
2927
2929
2941
2942
2952
1123
1124
1125
1126
2775
2776
2777
2896
2897
2898
2899
2927
2929
2941
2942
2952
99
103
104
105
1124
1125
1126
2897
2898
2899
2941
2942
2952
1272
1273
1274
1275
2661
2662
2664
2780
2781
2782
2900
2901
2902
2991
2993
3012
116
121
122
123
1273
1274
1275
2900
2901
2902
2903
2991
2993
3012
3013
3017
1279
1280
1281
1282
2780
2781
2782
2900
2901
2902
2903
2991
2993
3012
3013
3017
117
121
122
123
1280
1281
1282
2901
2902
2903
3012
3013
3017
1070
1071
1072
1073
2871
2872
2873
2904
2905
2906
2921
2923
2946
89
94
95
96
1071
1072
1073
2904
2905
2906
2907
2921
2923
2946
2947
3022
1375
1376
1377
1378
2871
2872
2873
2904
2905
2906
2907
2921
2923
2946
2947
3022
90
94
95
96
1376
1377
1378
2905
2906
2907
2946
2947
3022
1219
1220
1221
1222
2864
2865
2869
2908
2909
2910
2957
2960
2986
107
112
113
114
1220
1221
1222
2908
2909
2910
2957
2960
2986
108
112
113
114
1226
1227
1229
2864
2865
2869
2908
2909
2910
2957
2960
2986
2601
2604
2606
2607
2687
2688
2690
2911
2912
2913
3031
3032
3055
2603
2604
2606
2607
2752
2754
2756
2911
2912
2913
2915
3031
3032
3055
3057
3096
2686
2687
2688
2690
2891
2893
2895
2911
2912
2913
2914
2915
3031
3032
3055
3057
3095
3096
3107
2728
2729
2730
2731
2822
2823
2824
2891
2893
2895
2913
2914
2915
3095
3096
3107
2750
2752
2754
2756
2822
2823
2824
2912
2913
2914
2915
3055
3057
3095
3096
3107
1248
1251
1252
1253
1256
1257
1258
2616
2617
2619
2916
2917
2918
3003
3005
3006
1254
1256
1257
1258
1261
1262
1263
2663
2665
2668
2916
2917
2918
2919
3003
3005
3006
3008
3064
2615
2616
2617
2619
2760
2761
2762
2764
2884
2886
2916
2917
2918
2919
3003
3005
3006
3008
3064
2660
2663
2665
2668
2761
2762
2764
2917
2918
2919
3006
3008
3064
1077
1079
1080
1421
1422
1423
2671
2672
2674
2920
2924
2935
1071
1072
1073
1380
1381
1382
2904
2905
2906
2921
2923
2946
1384
1385
1386
1416
1417
1419
2922
2923
2925
2948
2950
3025
1379
1380
1381
1382
1384
1385
1386
2871
2872
2873
2875
2904
2905
2906
2921
2922
2923
2924
2925
2946
2948
2950
3024
3025
3077
1415
1416
1418
1419
1421
1422
1423
2670
2671
2672
2674
2872
2873
2875
2920
2923
2924
2925
2935
3024
3025
3077
1416
1417
1418
1419
2922
2923
2924
2925
2948
2950
3024
3025
3077
1111
1112
1113
1444
1445
1446
2655
2656
2657
2926
2930
2939
1117
1118
1119
1389
1390
1391
2896
2897
2898
2927
2929
2941
1393
1394
1395
1447
1448
1450
2928
2929
2932
2943
2945
2955
1388
1389
1390
1391
1393
1394
1395
2775
2776
2777
2779
2896
2897
2898
2927
2928
2929
2931
2932
2941
2943
2945
2954
2955
3116
1443
1444
1445
1446
1447
1449
1450
2655
2656
2657
2658
2926
2930
2931
2932
2939
3069
3071
3116
2651
2655
2657
2658
2776
2777
2779
2929
2930
2931
2932
2954
2955
3069
3071
3116
1447
1448
1449
1450
2928
2929
2930
2931
2932
2943
2945
2954
2955
3069
3071
3116
1083
1084
1085
1428
1429
1430
2620
2624
2625
2626
2672
2673
2933
2934
2937
1428
1429
1430
1431
2624
2625
2626
2627
2933
2934
2935
2937
3066
1420
1421
1422
1423
1424
1425
1426
1428
1430
1431
2620
2624
2626
2627
2671
2672
2674
2920
2924
2934
2935
3066
1099
1100
1101
1433
1434
1435
2850
2851
2852
2936
2937
2938
1427
1428
1429
1430
1433
1434
1435
2622
2624
2625
2626
2850
2851
2852
2933
2934
2936
2937
2938
1432
1433
1434
1435
1437
1438
1439
2850
2851
2852
2854
2936
2937
2938
2939
2940
3065
3068
3070
1436
1437
1438
1439
1440
1441
1442
1444
1445
1446
2653
2655
2656
2657
2851
2853
2854
2926
2930
2938
2939
2940
3065
3068
3070
2851
2852
2853
2854
2938
2939
2940
3065
3068
3070
1389
1390
1391
1392
2896
2897
2898
2899
2927
2929
2941
2942
2952
100
103
104
105
1390
1391
1392
2897
2898
2899
2941
2942
2952
1393
1394
1395
1396
2928
2929
2932
2943
2944
2945
2953
2955
2989
130
133
134
135
1394
1395
1396
2943
2944
2945
2953
2955
2989
131
133
134
135
1447
1448
1450
2928
2929
2932
2943
2944
2945
2953
2955
2989
1380
1381
1382
1383
2904
2905
2906
2907
2921
2923
2946
2947
3022
91
94
95
96
1381
1382
1383
2905
2906
2907
2946
2947
3022
1384
1385
1386
1387
2922
2923
2925
2948
2949
2950
3023
3025
3049
124
127
128
129
1385
1386
1387
2948
2949
2950
3023
3025
3049
125
127
128
129
1416
1417
1419
2922
2923
2925
2948
2949
2950
3023
3025
3049
1130
1131
1132
1456
1457
1458
2777
2778
2779
2951
2954
2971
1124
1125
1126
1390
1391
1392
2897
2898
2899
2941
2942
2952
1394
1395
1396
1452
1453
1454
2943
2944
2945
2953
2955
2989
1456
1457
1458
1459
2776
2777
2778
2779
2929
2931
2932
2951
2954
2955
2971
3116
1451
1452
1453
1454
1456
1458
1459
2928
2929
2931
2932
2943
2944
2945
2953
2954
2955
2989
3116
1214
1215
1216
1517
1518
1521
2865
2866
2870
2956
2962
2963
2978
2980
3080
1220
1221
1222
1398
1399
1401
2908
2909
2910
2957
2960
2986
1402
1403
1405
1522
1523
1524
2958
2961
2963
2987
2988
3011
1397
1398
1400
1401
1402
1404
1405
2865
2867
2869
2870
2959
2960
2961
2962
2963
2999
3000
3001
3002
3011
3080
1398
1399
1400
1401
2864
2865
2867
2869
2908
2909
2910
2957
2959
2960
2986
2999
1402
1403
1404
1405
2958
2959
2961
2963
2987
2988
3000
3002
3011
2865
2866
2867
2870
2956
2959
2962
2963
2978
2980
3001
3002
3080
1516
1517
1518
1521
1522
1523
1524
2956
2958
2959
2961
2962
2963
2978
2980
2987
2988
3000
3001
3002
3011
3080
1146
1148
1149
1469
1470
1472
2597
2598
2600
2964
2967
2969
1159
1160
1161
1480
1481
1482
2876
2877
2965
1468
1469
1471
1472
1473
1474
1475
1476
1477
1478
1480
1481
1483
2596
2597
2599
2600
2876
2878
2966
2967
3052
1469
1470
1471
1472
2597
2598
2599
2600
2964
2966
2967
2969
3052
1141
1142
1143
1461
1462
1464
2682
2683
2685
2968
2970
2971
1460
1461
1463
1464
1465
1466
1467
1469
1470
1472
2594
2597
2598
2600
2682
2684
2685
2964
2967
2969
2970
3091
1461
1462
1463
1464
2682
2683
2684
2685
2968
2969
2970
2971
3091
1455
1456
1457
1458
1461
1462
1464
2679
2682
2683
2685
2777
2778
2779
2951
2954
2968
2970
2971
1174
1175
1176
1486
1487
1488
2611
2612
2613
2972
2973
2975
1479
1480
1482
1484
1486
1487
1488
2610
2611
2612
2613
2877
2879
2972
2973
2975
1186
1187
1188
1493
1494
1496
2701
2702
2704
2974
2976
2983
1485
1486
1487
1488
1489
1490
1491
1493
1495
1496
2609
2611
2612
2613
2796
2797
2798
2972
2973
2975
2976
3058
1493
1494
1495
1496
2699
2701
2702
2704
2796
2797
2798
2974
2975
2976
2983
3058
1207
1208
1209
1513
1514
1515
2714
2715
2717
2977
2979
2985
1518
1519
1520
1521
2712
2714
2716
2717
2865
2866
2870
2956
2962
2963
2978
2979
2980
3078
3080
1512
1513
1514
1515
1518
1519
1520
2714
2715
2716
2717
2977
2978
2979
2985
3078
1517
1518
1519
1521
2956
2962
2963
2978
2980
3080
1196
1198
1199
1505
1506
1507
2632
2633
2634
2981
2982
2984
1497
1498
1499
1500
1501
1502
1503
1505
1506
1507
2628
2632
2633
2634
2702
2703
2704
2981
2982
2983
2984
3081
1492
1493
1494
1496
1498
1499
1500
2701
2702
2703
2704
2974
2976
2982
2983
3081
1505
1506
1507
1508
2630
2632
2633
2634
2745
2746
2747
2981
2982
2984
2985
3082
1504
1506
1507
1508
1509
1510
1511
1513
1514
1515
2711
2714
2715
2717
2745
2746
2747
2977
2979
2984
2985
3082
109
112
113
114
1398
1399
1401
2908
2909
2910
2957
2960
2986
136
139
140
141
1402
1403
1405
2958
2961
2963
2987
2988
3011
137
139
140
141
1522
1523
1524
2958
2961
2963
2987
2988
3011
132
133
134
135
1452
1453
1454
2943
2944
2945
2953
2955
2989
1267
1268
1269
1554
1555
1556
2664
2665
2666
2990
2995
3007
1273
1274
1275
1407
1408
1409
2900
2901
2902
2991
2993
3012
1411
1412
1414
1557
1558
1560
2992
2994
2997
3014
3015
3050
1406
1407
1408
1409
1411
1413
1414
2780
2781
2782
2784
2900
2901
2902
2991
2993
2994
2996
2997
3012
3018
3019
3020
3050
3118
1411
1412
1413
1414
2992
2993
2994
2997
3014
3015
3018
3020
3050
1553
1554
1555
1556
1557
1559
1560
2664
2665
2666
2667
2990
2995
2996
2997
3007
3072
3074
3118
2661
2664
2666
2667
2781
2782
2784
2993
2995
2996
2997
3019
3020
3072
3074
3118
1557
1558
1559
1560
2992
2993
2994
2995
2996
2997
3014
3015
3018
3019
3020
3050
3072
3074
3118
1234
1235
1236
1531
1532
1533
2867
2868
2870
2998
3001
3010
1226
1228
1229
1398
1400
1401
2865
2867
2869
2959
2960
2999
1402
1404
1405
1526
1527
1529
2959
2961
2963
3000
3002
3011
1525
1526
1528
1529
1531
1532
1533
2865
2867
2868
2870
2959
2962
2963
2998
3001
3002
3010
3080
1526
1527
1528
1529
2959
2961
2962
2963
3000
3001
3002
3011
3080
1256
1257
1258
1543
1544
1545
2916
2917
2918
3003
3005
3006
1239
1241
1242
1539
1540
1541
2617
2618
2619
3004
3005
3009
1538
1539
1540
1541
1543
1544
1545
2616
2617
2618
2619
2916
2917
2918
3003
3004
3005
3006
3009
1542
1543
1544
1545
1547
1548
1549
2916
2917
2918
2919
3003
3005
3006
3007
3008
3061
3064
3073
1546
1547
1548
1549
1550
1551
1552
1554
1555
1556
2664
2665
2666
2668
2990
2995
3006
3007
3008
3061
3064
3073
2663
2665
2666
2668
2917
2918
2919
3006
3007
3008
3061
3064
3073
1534
1535
1536
1537
1539
1540
1541
2615
2617
2618
2619
2885
2886
2887
3004
3005
3009
3010
3062
1530
1531
1532
1533
1535
1536
1537
2675
2676
2677
2678
2867
2868
2870
2885
2886
2887
2998
3001
3009
3010
3062
138
139
140
141
1526
1527
1529
2958
2959
2961
2963
2987
2988
3000
3002
3011
1407
1408
1409
1410
2900
2901
2902
2903
2991
2993
3012
3013
3017
118
121
122
123
1408
1409
1410
2901
2902
2903
3012
3013
3017
142
145
146
147
1411
1412
1414
2992
2994
2997
3014
3015
3050
143
145
146
147
1557
1558
1560
2992
2994
2997
3014
3015
3050
1286
1287
1288
1566
1567
1568
2782
2783
2784
3016
3019
3034
1280
1281
1282
1408
1409
1410
2901
2902
2903
3012
3013
3017
1411
1413
1414
1562
1563
1564
2993
2994
2997
3018
3020
3050
1566
1567
1568
1569
2781
2782
2783
2784
2993
2996
2997
3016
3019
3020
3034
3118
1561
1562
1563
1564
1566
1568
1569
2993
2994
2996
2997
3018
3019
3020
3050
3118
1370
1371
1372
1626
1627
1630
2873
2874
2875
3021
3024
3025
3039
3041
3077
1376
1377
1378
1381
1382
1383
2905
2906
2907
2946
2947
3022
1385
1386
1387
1631
1632
1633
2948
2949
2950
3023
3025
3049
2872
2873
2874
2875
2923
2924
2925
3021
3024
3025
3039
3041
3077
1625
1626
1627
1630
1631
1632
1633
2922
2923
2924
2925
2948
2949
2950
3021
3023
3024
3025
3039
3041
3049
3077
1307
1308
1309
1586
1587
1588
2605
2606
2607
3026
3028
3031
1302
1303
1304
1575
1576
1577
2694
2695
2696
3027
3029
3033
1578
1579
1580
1581
1582
1583
1584
1586
1587
1588
2603
2605
2606
2607
2753
2754
2755
3026
3028
3029
3031
3056
1574
1575
1576
1577
1579
1580
1581
2691
2694
2695
2696
2753
2754
2755
3027
3028
3029
3033
3056
1324
1325
1326
1594
1595
1597
2688
2689
2690
3030
3032
3037
1585
1586
1587
1588
1590
1591
1592
2604
2605
2606
2607
2911
2912
2913
3026
3028
3031
3032
3055
1589
1590
1591
1592
1594
1595
1597
2687
2688
2689
2690
2911
2912
2913
3030
3031
3032
3037
3055
1570
1571
1572
1573
1575
1576
1577
2694
2695
2696
2697
3027
3029
3033
3034
3097
1565
1566
1567
1568
1571
1572
1573
2693
2695
2696
2697
2782
2783
2784
3016
3019
3033
3034
3097
1330
1331
1332
1599
1600
1601
2646
2647
2648
3035
3036
3048
1593
1595
1596
1597
1599
1600
1601
2646
2647
2648
2649
3035
3036
3037
3048
3089
1594
1595
1596
1597
2642
2646
2648
2649
2688
2689
2690
3030
3032
3036
3037
3089
1363
1364
1365
1622
1623
1624
2708
2709
2710
3038
3040
3046
1627
1628
1629
1630
2855
2856
2859
2861
2873
2874
2875
3021
3024
3025
3039
3040
3041
3075
3077
1621
1622
1623
1624
1627
1628
1629
2706
2708
2709
2710
2856
2859
2861
3038
3039
3040
3046
3075
1626
1627
1628
1630
3021
3024
3025
3039
3041
3077
1352
1354
1355
1611
1612
1613
2639
2640
2641
3042
3044
3045
1342
1343
1344
1606
1607
1608
2804
2805
2806
3043
3044
3047
1605
1606
1607
1608
1611
1612
1613
2637
2639
2640
2641
2804
2805
2806
3042
3043
3044
3045
3047
1610
1611
1612
1613
1615
1616
1617
2638
2639
2640
2641
2857
2860
2861
3042
3044
3045
3046
3086
1614
1615
1616
1617
1618
1619
1620
1622
1623
1624
2706
2708
2709
2710
2857
2860
2861
3038
3040
3045
3046
3086
1606
1607
1608
1609
2804
2805
2806
2807
3043
3044
3047
3048
3085
1598
1599
1600
1601
1602
1603
1604
1607
1608
1609
2644
2646
2647
2648
2805
2806
2807
3035
3036
3047
3048
3085
126
127
128
129
1631
1632
1633
2948
2949
2950
3023
3025
3049
144
145
146
147
1562
1563
1564
2992
2993
2994
2997
3014
3015
3018
3020
3050
1480
1483
1484
2878
2879
2880
3051
3054
3059
1469
1471
1472
2595
2597
2599
2600
2829
2830
2831
2966
2967
3052
3053
3092
2767
2771
2772
2773
2829
2830
2831
3052
3053
3054
3092
3119
2770
2771
2772
2773
2878
2879
2880
3051
3053
3054
3059
3119
1590
1591
1592
2911
2912
2913
2915
3031
3032
3055
3057
3096
1579
1580
1581
2753
2754
2755
2756
3028
3029
3056
3057
3098
2752
2754
2755
2756
2912
2913
2915
3055
3056
3057
3096
3098
1493
1495
1496
2796
2797
2798
2801
2975
2976
3058
3060
3100
2795
2797
2800
2801
2878
2879
2880
3051
3054
3059
3060
3123
2797
2798
2800
2801
3058
3059
3060
3100
3123
1547
1548
1549
3006
3007
3008
3061
3064
3073
1535
1536
1537
2885
2886
2887
2889
3009
3010
3062
3063
3079
2886
2887
2889
2890
3062
3063
3064
3079
3112
2760
2761
2762
2764
2886
2889
2890
2917
2918
2919
3006
3007
3008
3061
3063
3064
3073
3112
1437
1438
1439
2938
2939
2940
3065
3068
3070
1428
1430
1431
2623
2624
2626
2627
2858
2859
2862
2934
2935
3066
3067
3076
2846
2847
2848
2849
2858
2859
2862
3066
3067
3068
3076
3114
2845
2847
2848
2849
2851
2852
2854
2938
2939
2940
3065
3067
3068
3070
3114
2655
2657
2658
2659
2930
2931
2932
3069
3070
3071
3115
3116
2653
2657
2658
2659
2851
2853
2854
2938
2939
2940
3065
3068
3069
3070
3115
1447
1449
1450
2930
2931
2932
3069
3071
3116
2664
2666
2667
2668
2995
2996
2997
3072
3073
3074
3117
3118
2665
2666
2667
2668
3006
3007
3008
3061
3064
3072
3073
3117
1557
1559
1560
2995
2996
2997
3072
3074
3118
1627
1628
1629
2856
2859
2861
2862
3039
3040
3075
3076
3101
2858
2859
2861
2862
3066
3067
3075
3076
3101
1416
1418
1419
1627
1628
1630
2923
2924
2925
3021
3024
3025
3039
3041
3077
1518
1519
1520
2713
2714
2716
2717
2887
2888
2889
2978
2979
3078
3079
3102
2886
2887
2888
2889
3062
3063
3078
3079
3102
1518
1519
1521
1526
1528
1529
2956
2959
2962
2963
2978
2980
3001
3002
3080
1498
1499
1500
2702
2703
2704
2705
2982
2983
3081
3084
3100
1506
1507
1508
2745
2746
2747
2748
2984
2985
3082
3083
3102
2742
2746
2747
2748
2817
2818
2820
3082
3083
3084
3102
3111
2628
2631
2634
2635
2703
2704
2705
2817
2818
2820
3081
3083
3084
3100
3111
1607
1608
1609
2805
2806
2807
2808
3047
3048
3085
3087
3090
1615
1616
1617
2857
2860
2861
2862
3045
3046
3086
3088
3101
2806
2807
2808
2809
3085
3087
3088
3090
3104
2803
2806
2808
2809
2860
2861
2862
3086
3087
3088
3101
3104
1595
1596
1597
2645
2646
2648
2649
2892
2893
2894
3036
3037
3089
3090
3094
2644
2645
2648
2650
2806
2807
2808
2892
2893
2894
3085
3087
3089
3090
3094
1461
1463
1464
2680
2682
2684
2685
2790
2791
2792
2969
2970
3091
3093
3115
2829
2830
2831
2832
3052
3053
3092
3093
3120
2786
2790
2791
2792
2830
2831
2832
3091
3092
3093
3115
3120
2892
2893
2894
2895
3089
3090
3094
3095
3103
2891
2893
2894
2895
2913
2914
2915
3094
3095
3096
3103
3107
2912
2913
2914
2915
3055
3057
3095
3096
3107
1571
1572
1573
2695
2696
2697
2698
3033
3034
3097
3099
3117
2754
2755
2756
2757
3056
3057
3098
3099
3122
2691
2696
2697
2698
2755
2756
2757
3097
3098
3099
3117
3122
2699
2703
2704
2705
2797
2798
2801
3058
3060
3081
3084
3100
2859
2860
2861
2862
3075
3076
3086
3088
3101
2744
2746
2747
2748
2887
2888
2889
3078
3079
3082
3083
3102
2719
2722
2723
2724
2812
2813
2814
2893
2894
2895
3094
3095
3103
3106
3108
2733
2734
2738
2739
2806
2808
2809
2835
2836
2837
3087
3088
3104
3105
3113
2834
2835
2836
2837
2842
2843
2844
3104
3105
3106
3113
3119
2810
2812
2813
2814
2842
2843
2844
3103
3105
3106
3108
3119
2822
2823
2824
2825
2913
2914
2915
3095
3096
3107
3109
3121
2793
2799
2800
2801
2812
2813
2814
3103
3106
3108
3109
3123
2725
2728
2731
2732
2799
2800
2801
2823
2824
2825
3107
3108
3109
3121
3123
2816
2818
2819
2820
2881
2882
2883
3110
3111
3112
3121
3122
2817
2818
2819
2820
3083
3084
3110
3111
3121
2759
2760
2763
2764
2881
2882
2883
2886
2889
2890
3063
3064
3110
3112
3122
2734
2735
2739
2740
2835
2836
2837
2839
2840
2841
3104
3105
3113
3114
3120
2838
2839
2840
2841
2847
2848
2849
3067
3068
3113
3114
3120
2652
2657
2658
2659
2790
2791
2792
3069
3070
3091
3093
3115
1456
1458
1459
2929
2930
2931
2932
2954
2955
3069
3071
3116
2661
2666
2667
2668
2693
2696
2697
2698
2784
2785
3072
3073
3097
3099
3117
1566
1568
1569
2993
2995
2996
2997
3019
3020
3072
3074
3118
2769
2771
2772
2773
2842
2843
2844
3053
3054
3105
3106
3119
2827
2830
2831
2832
2839
2840
2841
3092
3093
3113
3114
3120
2815
2818
2819
2820
2823
2824
2825
3107
3109
3110
3111
3121
2751
2755
2756
2757
2881
2882
2883
3098
3099
3110
3112
3122
2797
2799
2800
2801
3059
3060
3108
3109
3123
